TRUNCATE TABLE `oc_banner`;

INSERT INTO `oc_banner` (`banner_id`, `name`, `status`) VALUES ('6', 'Left-Banner', '1');
INSERT INTO `oc_banner` (`banner_id`, `name`, `status`) VALUES ('7', 'Home Page Slideshow', '1');
INSERT INTO `oc_banner` (`banner_id`, `name`, `status`) VALUES ('8', 'Manufacturers', '1');


TRUNCATE TABLE `oc_banner_image`;

INSERT INTO `oc_banner_image` (`banner_image_id`, `banner_id`, `language_id`, `title`, `link`, `image`, `sort_order`) VALUES ('132', '8', '2', 'Canon', '#', 'catalog/demo/manufacturer/brand-logo-06.png', '6');
INSERT INTO `oc_banner_image` (`banner_image_id`, `banner_id`, `language_id`, `title`, `link`, `image`, `sort_order`) VALUES ('131', '8', '2', 'Burger King', '#', 'catalog/demo/manufacturer/brand-logo-05.png', '5');
INSERT INTO `oc_banner_image` (`banner_image_id`, `banner_id`, `language_id`, `title`, `link`, `image`, `sort_order`) VALUES ('130', '8', '2', 'Coca Cola', '#', 'catalog/demo/manufacturer/brand-logo-04.png', '4');
INSERT INTO `oc_banner_image` (`banner_image_id`, `banner_id`, `language_id`, `title`, `link`, `image`, `sort_order`) VALUES ('129', '8', '2', 'Sony', '#', 'catalog/demo/manufacturer/brand-logo-03.png', '3');
INSERT INTO `oc_banner_image` (`banner_image_id`, `banner_id`, `language_id`, `title`, `link`, `image`, `sort_order`) VALUES ('128', '8', '2', 'RedBull', '#', 'catalog/demo/manufacturer/brand-logo-02.png', '2');
INSERT INTO `oc_banner_image` (`banner_image_id`, `banner_id`, `language_id`, `title`, `link`, `image`, `sort_order`) VALUES ('127', '8', '2', 'NFL', '#', 'catalog/demo/manufacturer/brand-logo-01.png', '1');
INSERT INTO `oc_banner_image` (`banner_image_id`, `banner_id`, `language_id`, `title`, `link`, `image`, `sort_order`) VALUES ('126', '8', '1', 'Dell', '#', 'catalog/demo/manufacturer/brand-logo-08.png', '8');
INSERT INTO `oc_banner_image` (`banner_image_id`, `banner_id`, `language_id`, `title`, `link`, `image`, `sort_order`) VALUES ('216', '6', '2', 'Left-Banner', '#', 'catalog/demo/banners/left-banner.jpg', '1');
INSERT INTO `oc_banner_image` (`banner_image_id`, `banner_id`, `language_id`, `title`, `link`, `image`, `sort_order`) VALUES ('215', '6', '1', 'Left-Banner', '#', 'catalog/demo/banners/left-banner.jpg', '1');
INSERT INTO `oc_banner_image` (`banner_image_id`, `banner_id`, `language_id`, `title`, `link`, `image`, `sort_order`) VALUES ('125', '8', '1', 'Harley Davidson', '#', 'catalog/demo/manufacturer/brand-logo-07.png', '7');
INSERT INTO `oc_banner_image` (`banner_image_id`, `banner_id`, `language_id`, `title`, `link`, `image`, `sort_order`) VALUES ('124', '8', '1', 'Canon', '#', 'catalog/demo/manufacturer/brand-logo-06.png', '6');
INSERT INTO `oc_banner_image` (`banner_image_id`, `banner_id`, `language_id`, `title`, `link`, `image`, `sort_order`) VALUES ('123', '8', '1', 'Burger King', '#', 'catalog/demo/manufacturer/brand-logo-05.png', '5');
INSERT INTO `oc_banner_image` (`banner_image_id`, `banner_id`, `language_id`, `title`, `link`, `image`, `sort_order`) VALUES ('122', '8', '1', 'Coca Cola', '#', 'catalog/demo/manufacturer/brand-logo-04.png', '4');
INSERT INTO `oc_banner_image` (`banner_image_id`, `banner_id`, `language_id`, `title`, `link`, `image`, `sort_order`) VALUES ('121', '8', '1', 'Sony', '#', 'catalog/demo/manufacturer/brand-logo-03.png', '3');
INSERT INTO `oc_banner_image` (`banner_image_id`, `banner_id`, `language_id`, `title`, `link`, `image`, `sort_order`) VALUES ('120', '8', '1', 'RedBull', '#', 'catalog/demo/manufacturer/brand-logo-02.png', '2');
INSERT INTO `oc_banner_image` (`banner_image_id`, `banner_id`, `language_id`, `title`, `link`, `image`, `sort_order`) VALUES ('119', '8', '1', 'NFL', '#', 'catalog/demo/manufacturer/brand-logo-01.png', '1');
INSERT INTO `oc_banner_image` (`banner_image_id`, `banner_id`, `language_id`, `title`, `link`, `image`, `sort_order`) VALUES ('133', '8', '2', 'Harley Davidson', '#', 'catalog/demo/manufacturer/brand-logo-07.png', '7');
INSERT INTO `oc_banner_image` (`banner_image_id`, `banner_id`, `language_id`, `title`, `link`, `image`, `sort_order`) VALUES ('134', '8', '2', 'Dell', '#', 'catalog/demo/manufacturer/brand-logo-08.png', '8');
INSERT INTO `oc_banner_image` (`banner_image_id`, `banner_id`, `language_id`, `title`, `link`, `image`, `sort_order`) VALUES ('232', '7', '2', 'slider-02', '#', 'catalog/demo/banners/slider-02.jpg', '2');
INSERT INTO `oc_banner_image` (`banner_image_id`, `banner_id`, `language_id`, `title`, `link`, `image`, `sort_order`) VALUES ('231', '7', '2', 'slider-01', '#', 'catalog/demo/banners/slider-01.jpg', '1');
INSERT INTO `oc_banner_image` (`banner_image_id`, `banner_id`, `language_id`, `title`, `link`, `image`, `sort_order`) VALUES ('230', '7', '1', 'slider-02', '#', 'catalog/demo/banners/slider-02.jpg', '2');
INSERT INTO `oc_banner_image` (`banner_image_id`, `banner_id`, `language_id`, `title`, `link`, `image`, `sort_order`) VALUES ('229', '7', '1', 'slider-01', '#', 'catalog/demo/banners/slider-01.jpg', '1');


TRUNCATE TABLE `oc_category`;

INSERT INTO `oc_category` (`category_id`, `image`, `parent_id`, `top`, `column`, `sort_order`, `status`, `date_added`, `date_modified`) VALUES ('25', 'catalog/demo/banners/category-img-02.jpg', '0', '1', '1', '3', '1', '2009-01-31 01:04:25', '2018-07-13 04:25:23');
INSERT INTO `oc_category` (`category_id`, `image`, `parent_id`, `top`, `column`, `sort_order`, `status`, `date_added`, `date_modified`) VALUES ('27', 'catalog/demo/banners/category-img-03.jpg', '20', '0', '0', '2', '1', '2009-01-31 01:55:34', '2018-07-13 04:28:20');
INSERT INTO `oc_category` (`category_id`, `image`, `parent_id`, `top`, `column`, `sort_order`, `status`, `date_added`, `date_modified`) VALUES ('20', 'catalog/demo/banners/category-img-01.jpg', '0', '1', '2', '1', '1', '2009-01-05 21:49:43', '2018-07-13 04:27:37');
INSERT INTO `oc_category` (`category_id`, `image`, `parent_id`, `top`, `column`, `sort_order`, `status`, `date_added`, `date_modified`) VALUES ('61', '', '26', '0', '1', '0', '1', '2017-11-29 05:21:00', '2017-11-29 05:21:30');
INSERT INTO `oc_category` (`category_id`, `image`, `parent_id`, `top`, `column`, `sort_order`, `status`, `date_added`, `date_modified`) VALUES ('28', '', '25', '0', '0', '1', '1', '2009-02-02 13:11:12', '2018-02-26 04:42:05');
INSERT INTO `oc_category` (`category_id`, `image`, `parent_id`, `top`, `column`, `sort_order`, `status`, `date_added`, `date_modified`) VALUES ('26', 'catalog/demo/banners/category-img-02.jpg', '20', '0', '0', '1', '1', '2009-01-31 01:55:14', '2018-07-13 04:27:54');
INSERT INTO `oc_category` (`category_id`, `image`, `parent_id`, `top`, `column`, `sort_order`, `status`, `date_added`, `date_modified`) VALUES ('29', '', '25', '0', '0', '1', '1', '2009-02-02 13:11:37', '2018-02-26 04:36:09');
INSERT INTO `oc_category` (`category_id`, `image`, `parent_id`, `top`, `column`, `sort_order`, `status`, `date_added`, `date_modified`) VALUES ('30', '', '25', '0', '0', '1', '1', '2009-02-02 13:11:59', '2018-02-26 04:42:31');
INSERT INTO `oc_category` (`category_id`, `image`, `parent_id`, `top`, `column`, `sort_order`, `status`, `date_added`, `date_modified`) VALUES ('31', '', '25', '0', '0', '1', '1', '2009-02-03 14:17:24', '2018-02-26 04:43:00');
INSERT INTO `oc_category` (`category_id`, `image`, `parent_id`, `top`, `column`, `sort_order`, `status`, `date_added`, `date_modified`) VALUES ('75', '', '66', '0', '0', '0', '1', '2018-03-24 11:42:31', '2018-07-05 06:20:20');
INSERT INTO `oc_category` (`category_id`, `image`, `parent_id`, `top`, `column`, `sort_order`, `status`, `date_added`, `date_modified`) VALUES ('62', '', '27', '0', '0', '0', '1', '2017-11-29 05:21:55', '2017-11-29 05:21:55');
INSERT INTO `oc_category` (`category_id`, `image`, `parent_id`, `top`, `column`, `sort_order`, `status`, `date_added`, `date_modified`) VALUES ('35', '', '28', '0', '0', '0', '1', '2010-09-17 10:06:48', '2010-09-18 14:02:42');
INSERT INTO `oc_category` (`category_id`, `image`, `parent_id`, `top`, `column`, `sort_order`, `status`, `date_added`, `date_modified`) VALUES ('36', '', '28', '0', '0', '0', '1', '2010-09-17 10:07:13', '2010-09-18 14:02:55');
INSERT INTO `oc_category` (`category_id`, `image`, `parent_id`, `top`, `column`, `sort_order`, `status`, `date_added`, `date_modified`) VALUES ('64', '', '27', '0', '0', '0', '1', '2017-11-29 05:22:56', '2017-11-29 05:22:56');
INSERT INTO `oc_category` (`category_id`, `image`, `parent_id`, `top`, `column`, `sort_order`, `status`, `date_added`, `date_modified`) VALUES ('63', '', '27', '0', '0', '0', '1', '2017-11-29 05:22:28', '2017-11-29 05:22:28');
INSERT INTO `oc_category` (`category_id`, `image`, `parent_id`, `top`, `column`, `sort_order`, `status`, `date_added`, `date_modified`) VALUES ('60', '', '26', '0', '0', '0', '1', '2017-11-29 05:20:34', '2017-11-29 05:20:34');
INSERT INTO `oc_category` (`category_id`, `image`, `parent_id`, `top`, `column`, `sort_order`, `status`, `date_added`, `date_modified`) VALUES ('59', '', '26', '0', '0', '0', '1', '2017-11-29 05:19:44', '2017-11-29 05:19:44');
INSERT INTO `oc_category` (`category_id`, `image`, `parent_id`, `top`, `column`, `sort_order`, `status`, `date_added`, `date_modified`) VALUES ('65', 'catalog/demo/banners/category-img-08.jpg', '0', '1', '0', '4', '1', '2017-11-30 08:12:55', '2018-07-11 09:43:31');
INSERT INTO `oc_category` (`category_id`, `image`, `parent_id`, `top`, `column`, `sort_order`, `status`, `date_added`, `date_modified`) VALUES ('66', 'catalog/demo/banners/category-img-04.jpg', '0', '1', '1', '5', '1', '2018-01-29 10:44:17', '2018-07-13 04:29:41');
INSERT INTO `oc_category` (`category_id`, `image`, `parent_id`, `top`, `column`, `sort_order`, `status`, `date_added`, `date_modified`) VALUES ('67', 'catalog/demo/banners/category-img-02.jpg', '0', '1', '1', '6', '1', '2018-01-31 04:32:11', '2018-07-13 04:25:39');
INSERT INTO `oc_category` (`category_id`, `image`, `parent_id`, `top`, `column`, `sort_order`, `status`, `date_added`, `date_modified`) VALUES ('68', 'catalog/demo/banners/category-img-07.jpg', '0', '1', '1', '7', '1', '2018-02-26 04:46:14', '2018-07-13 04:20:37');
INSERT INTO `oc_category` (`category_id`, `image`, `parent_id`, `top`, `column`, `sort_order`, `status`, `date_added`, `date_modified`) VALUES ('69', 'catalog/demo/banners/category-img-03.jpg', '0', '1', '1', '8', '1', '2018-02-26 04:49:02', '2018-07-13 04:28:58');
INSERT INTO `oc_category` (`category_id`, `image`, `parent_id`, `top`, `column`, `sort_order`, `status`, `date_added`, `date_modified`) VALUES ('70', 'catalog/demo/banners/category-img-06.jpg', '0', '1', '0', '9', '1', '2018-03-21 09:49:09', '2018-07-13 04:24:05');
INSERT INTO `oc_category` (`category_id`, `image`, `parent_id`, `top`, `column`, `sort_order`, `status`, `date_added`, `date_modified`) VALUES ('71', '', '0', '1', '0', '10', '1', '2018-03-21 09:50:13', '2018-07-13 04:31:30');
INSERT INTO `oc_category` (`category_id`, `image`, `parent_id`, `top`, `column`, `sort_order`, `status`, `date_added`, `date_modified`) VALUES ('72', '', '0', '1', '0', '11', '1', '2018-03-21 09:50:54', '2018-07-13 04:30:41');
INSERT INTO `oc_category` (`category_id`, `image`, `parent_id`, `top`, `column`, `sort_order`, `status`, `date_added`, `date_modified`) VALUES ('73', '', '0', '1', '0', '12', '1', '2018-03-21 09:51:48', '2018-07-13 04:28:33');
INSERT INTO `oc_category` (`category_id`, `image`, `parent_id`, `top`, `column`, `sort_order`, `status`, `date_added`, `date_modified`) VALUES ('84', '', '0', '1', '0', '13', '1', '2018-05-18 04:47:42', '2018-07-13 04:25:07');
INSERT INTO `oc_category` (`category_id`, `image`, `parent_id`, `top`, `column`, `sort_order`, `status`, `date_added`, `date_modified`) VALUES ('76', '', '66', '0', '0', '0', '1', '2018-03-24 11:44:09', '2018-07-13 04:30:04');
INSERT INTO `oc_category` (`category_id`, `image`, `parent_id`, `top`, `column`, `sort_order`, `status`, `date_added`, `date_modified`) VALUES ('77', '', '70', '0', '0', '0', '1', '2018-03-24 11:45:20', '2018-07-13 04:24:46');
INSERT INTO `oc_category` (`category_id`, `image`, `parent_id`, `top`, `column`, `sort_order`, `status`, `date_added`, `date_modified`) VALUES ('78', '', '70', '0', '1', '0', '1', '2018-03-24 11:46:34', '2018-07-13 04:24:26');
INSERT INTO `oc_category` (`category_id`, `image`, `parent_id`, `top`, `column`, `sort_order`, `status`, `date_added`, `date_modified`) VALUES ('79', '', '68', '0', '0', '0', '1', '2018-03-24 11:47:11', '2018-07-13 04:22:24');
INSERT INTO `oc_category` (`category_id`, `image`, `parent_id`, `top`, `column`, `sort_order`, `status`, `date_added`, `date_modified`) VALUES ('80', '', '68', '0', '1', '0', '1', '2018-03-24 11:47:41', '2018-07-13 04:23:51');
INSERT INTO `oc_category` (`category_id`, `image`, `parent_id`, `top`, `column`, `sort_order`, `status`, `date_added`, `date_modified`) VALUES ('81', '', '65', '0', '0', '0', '1', '2018-03-24 11:48:41', '2018-07-11 09:43:49');
INSERT INTO `oc_category` (`category_id`, `image`, `parent_id`, `top`, `column`, `sort_order`, `status`, `date_added`, `date_modified`) VALUES ('82', '', '65', '0', '0', '0', '1', '2018-03-24 11:49:15', '2018-07-13 04:20:19');
INSERT INTO `oc_category` (`category_id`, `image`, `parent_id`, `top`, `column`, `sort_order`, `status`, `date_added`, `date_modified`) VALUES ('83', '', '0', '1', '0', '14', '1', '2018-05-14 05:51:17', '2018-07-13 04:27:18');


TRUNCATE TABLE `oc_category_description`;

INSERT INTO `oc_category_description` (`category_id`, `language_id`, `name`, `description`, `meta_title`, `meta_description`, `meta_keyword`) VALUES ('28', '2', 'Basenji', '', 'Basenji', '', '');
INSERT INTO `oc_category_description` (`category_id`, `language_id`, `name`, `description`, `meta_title`, `meta_description`, `meta_keyword`) VALUES ('75', '1', 'Accessories', '', 'Accessories', '', '');
INSERT INTO `oc_category_description` (`category_id`, `language_id`, `name`, `description`, `meta_title`, `meta_description`, `meta_keyword`) VALUES ('31', '2', 'Boerboel', '', 'Boerboel', '', '');
INSERT INTO `oc_category_description` (`category_id`, `language_id`, `name`, `description`, `meta_title`, `meta_description`, `meta_keyword`) VALUES ('30', '2', 'Beagle', '', 'Beagle', '', '');
INSERT INTO `oc_category_description` (`category_id`, `language_id`, `name`, `description`, `meta_title`, `meta_description`, `meta_keyword`) VALUES ('29', '2', 'Barbet', '', 'Barbet', '', '');
INSERT INTO `oc_category_description` (`category_id`, `language_id`, `name`, `description`, `meta_title`, `meta_description`, `meta_keyword`) VALUES ('60', '2', 'PC-02', '', 'PC-02', '', '');
INSERT INTO `oc_category_description` (`category_id`, `language_id`, `name`, `description`, `meta_title`, `meta_description`, `meta_keyword`) VALUES ('61', '1', 'PC-03', '', 'PC-03', '', '');
INSERT INTO `oc_category_description` (`category_id`, `language_id`, `name`, `description`, `meta_title`, `meta_description`, `meta_keyword`) VALUES ('35', '1', 'test 1', '', 'test 1', '', '');
INSERT INTO `oc_category_description` (`category_id`, `language_id`, `name`, `description`, `meta_title`, `meta_description`, `meta_keyword`) VALUES ('36', '1', 'test 2', '', 'test 2', '', '');
INSERT INTO `oc_category_description` (`category_id`, `language_id`, `name`, `description`, `meta_title`, `meta_description`, `meta_keyword`) VALUES ('59', '2', 'PC-01', '', 'PC-01', '', '');
INSERT INTO `oc_category_description` (`category_id`, `language_id`, `name`, `description`, `meta_title`, `meta_description`, `meta_keyword`) VALUES ('28', '1', 'Basenji', '', 'Basenji', '', '');
INSERT INTO `oc_category_description` (`category_id`, `language_id`, `name`, `description`, `meta_title`, `meta_description`, `meta_keyword`) VALUES ('31', '1', 'Boerboel', '', 'Boerboel', '', '');
INSERT INTO `oc_category_description` (`category_id`, `language_id`, `name`, `description`, `meta_title`, `meta_description`, `meta_keyword`) VALUES ('30', '1', 'Beagle', '', 'Beagle', '', '');
INSERT INTO `oc_category_description` (`category_id`, `language_id`, `name`, `description`, `meta_title`, `meta_description`, `meta_keyword`) VALUES ('29', '1', 'Barbet', '', 'Barbet', '', '');
INSERT INTO `oc_category_description` (`category_id`, `language_id`, `name`, `description`, `meta_title`, `meta_description`, `meta_keyword`) VALUES ('60', '1', 'PC-02', '', 'PC-02', '', '');
INSERT INTO `oc_category_description` (`category_id`, `language_id`, `name`, `description`, `meta_title`, `meta_description`, `meta_keyword`) VALUES ('61', '2', 'PC-03', '', 'PC-03', '', '');
INSERT INTO `oc_category_description` (`category_id`, `language_id`, `name`, `description`, `meta_title`, `meta_description`, `meta_keyword`) VALUES ('35', '2', 'test 1', '', 'test 1', '', '');
INSERT INTO `oc_category_description` (`category_id`, `language_id`, `name`, `description`, `meta_title`, `meta_description`, `meta_keyword`) VALUES ('36', '2', 'test 2', '', 'test 2', '', '');
INSERT INTO `oc_category_description` (`category_id`, `language_id`, `name`, `description`, `meta_title`, `meta_description`, `meta_keyword`) VALUES ('62', '1', 'Mac-01', '', 'Mac-01', '', '');
INSERT INTO `oc_category_description` (`category_id`, `language_id`, `name`, `description`, `meta_title`, `meta_description`, `meta_keyword`) VALUES ('62', '2', 'Mac-01', '', 'Mac-01', '', '');
INSERT INTO `oc_category_description` (`category_id`, `language_id`, `name`, `description`, `meta_title`, `meta_description`, `meta_keyword`) VALUES ('63', '1', 'Mac-02', '', 'Mac-02', '', '');
INSERT INTO `oc_category_description` (`category_id`, `language_id`, `name`, `description`, `meta_title`, `meta_description`, `meta_keyword`) VALUES ('63', '2', 'Mac-02', '', 'Mac-02', '', '');
INSERT INTO `oc_category_description` (`category_id`, `language_id`, `name`, `description`, `meta_title`, `meta_description`, `meta_keyword`) VALUES ('64', '1', 'Mac-03', '', 'Mac-03', '', '');
INSERT INTO `oc_category_description` (`category_id`, `language_id`, `name`, `description`, `meta_title`, `meta_description`, `meta_keyword`) VALUES ('64', '2', 'Mac-03', '', 'Mac-03', '', '');
INSERT INTO `oc_category_description` (`category_id`, `language_id`, `name`, `description`, `meta_title`, `meta_description`, `meta_keyword`) VALUES ('59', '1', 'PC-01', '', 'PC-01', '', '');
INSERT INTO `oc_category_description` (`category_id`, `language_id`, `name`, `description`, `meta_title`, `meta_description`, `meta_keyword`) VALUES ('66', '1', 'sets', '', 'sets', '', '');
INSERT INTO `oc_category_description` (`category_id`, `language_id`, `name`, `description`, `meta_title`, `meta_description`, `meta_keyword`) VALUES ('65', '1', 'Schleich', '', 'Schleich', '', '');
INSERT INTO `oc_category_description` (`category_id`, `language_id`, `name`, `description`, `meta_title`, `meta_description`, `meta_keyword`) VALUES ('70', '1', 'Pendant', '', 'Pendant', '', '');
INSERT INTO `oc_category_description` (`category_id`, `language_id`, `name`, `description`, `meta_title`, `meta_description`, `meta_keyword`) VALUES ('79', '2', 'Torc', '', 'Torc', '', '');
INSERT INTO `oc_category_description` (`category_id`, `language_id`, `name`, `description`, `meta_title`, `meta_description`, `meta_keyword`) VALUES ('81', '1', 'Ithaca Kitty', '', 'Ithaca Kitty', '', '');
INSERT INTO `oc_category_description` (`category_id`, `language_id`, `name`, `description`, `meta_title`, `meta_description`, `meta_keyword`) VALUES ('82', '2', 'Brooch', '', 'Brooch', '', '');
INSERT INTO `oc_category_description` (`category_id`, `language_id`, `name`, `description`, `meta_title`, `meta_description`, `meta_keyword`) VALUES ('72', '1', 'Promise ring', '', 'Promise ring', '', '');
INSERT INTO `oc_category_description` (`category_id`, `language_id`, `name`, `description`, `meta_title`, `meta_description`, `meta_keyword`) VALUES ('26', '2', 'Rosary', '', 'Rosary', '', '');
INSERT INTO `oc_category_description` (`category_id`, `language_id`, `name`, `description`, `meta_title`, `meta_description`, `meta_keyword`) VALUES ('83', '2', 'Locket', '', 'Locket', '', '');
INSERT INTO `oc_category_description` (`category_id`, `language_id`, `name`, `description`, `meta_title`, `meta_description`, `meta_keyword`) VALUES ('84', '2', 'Hairpin', '', 'Hairpin', '', '');
INSERT INTO `oc_category_description` (`category_id`, `language_id`, `name`, `description`, `meta_title`, `meta_description`, `meta_keyword`) VALUES ('68', '1', 'Bangle', '', 'Bangle', '', '');
INSERT INTO `oc_category_description` (`category_id`, `language_id`, `name`, `description`, `meta_title`, `meta_description`, `meta_keyword`) VALUES ('66', '2', 'sets', '', 'sets', '', '');
INSERT INTO `oc_category_description` (`category_id`, `language_id`, `name`, `description`, `meta_title`, `meta_description`, `meta_keyword`) VALUES ('70', '2', 'Pendant', '', 'Pendant', '', '');
INSERT INTO `oc_category_description` (`category_id`, `language_id`, `name`, `description`, `meta_title`, `meta_description`, `meta_keyword`) VALUES ('67', '2', 'Necklace', '', 'Necklace', '', '');
INSERT INTO `oc_category_description` (`category_id`, `language_id`, `name`, `description`, `meta_title`, `meta_description`, `meta_keyword`) VALUES ('83', '1', 'Locket', '', 'Locket', '', '');
INSERT INTO `oc_category_description` (`category_id`, `language_id`, `name`, `description`, `meta_title`, `meta_description`, `meta_keyword`) VALUES ('69', '1', 'Belly chain', '', 'Belly chain', '', '');
INSERT INTO `oc_category_description` (`category_id`, `language_id`, `name`, `description`, `meta_title`, `meta_description`, `meta_keyword`) VALUES ('73', '1', 'Earrings', '', 'Earrings', '', '');
INSERT INTO `oc_category_description` (`category_id`, `language_id`, `name`, `description`, `meta_title`, `meta_description`, `meta_keyword`) VALUES ('71', '1', 'fancy watch', '', 'fancy watch', '', '');
INSERT INTO `oc_category_description` (`category_id`, `language_id`, `name`, `description`, `meta_title`, `meta_description`, `meta_keyword`) VALUES ('65', '2', 'Schleich', '', 'Schleich', '', '');
INSERT INTO `oc_category_description` (`category_id`, `language_id`, `name`, `description`, `meta_title`, `meta_description`, `meta_keyword`) VALUES ('68', '2', 'Bangle', '', 'Bangle', '', '');
INSERT INTO `oc_category_description` (`category_id`, `language_id`, `name`, `description`, `meta_title`, `meta_description`, `meta_keyword`) VALUES ('26', '1', 'Rosary', '', 'Rosary', '', '');
INSERT INTO `oc_category_description` (`category_id`, `language_id`, `name`, `description`, `meta_title`, `meta_description`, `meta_keyword`) VALUES ('82', '1', 'Brooch', '', 'Brooch', '', '');
INSERT INTO `oc_category_description` (`category_id`, `language_id`, `name`, `description`, `meta_title`, `meta_description`, `meta_keyword`) VALUES ('75', '2', 'Accessories', '', 'Accessories', '', '');
INSERT INTO `oc_category_description` (`category_id`, `language_id`, `name`, `description`, `meta_title`, `meta_description`, `meta_keyword`) VALUES ('78', '1', 'Circlet', '', 'Circlet', '', '');
INSERT INTO `oc_category_description` (`category_id`, `language_id`, `name`, `description`, `meta_title`, `meta_description`, `meta_keyword`) VALUES ('80', '2', 'Class ring', '', 'Class ring', '', '');
INSERT INTO `oc_category_description` (`category_id`, `language_id`, `name`, `description`, `meta_title`, `meta_description`, `meta_keyword`) VALUES ('77', '2', 'Diadem', '', 'Diadem', '', '');
INSERT INTO `oc_category_description` (`category_id`, `language_id`, `name`, `description`, `meta_title`, `meta_description`, `meta_keyword`) VALUES ('25', '1', 'Aigrette', '', 'Aigrette', '', '');
INSERT INTO `oc_category_description` (`category_id`, `language_id`, `name`, `description`, `meta_title`, `meta_description`, `meta_keyword`) VALUES ('67', '1', 'Necklace', '', 'Necklace', '', '');
INSERT INTO `oc_category_description` (`category_id`, `language_id`, `name`, `description`, `meta_title`, `meta_description`, `meta_keyword`) VALUES ('84', '1', 'Hairpin', '', 'Hairpin', '', '');
INSERT INTO `oc_category_description` (`category_id`, `language_id`, `name`, `description`, `meta_title`, `meta_description`, `meta_keyword`) VALUES ('20', '2', 'Foilbacks', '&lt;p&gt;\r\n\tExample of category description text&lt;/p&gt;\r\n&lt;p&gt;This category includes all the basics of your wardrobe and much more:&lt;br&gt;\r\n shoes, accessories, printed t-shirts, feminine dresses, women\'s jeans!&lt;/p&gt;', 'Foilbacks', 'Example of category description', '');
INSERT INTO `oc_category_description` (`category_id`, `language_id`, `name`, `description`, `meta_title`, `meta_description`, `meta_keyword`) VALUES ('27', '1', 'Breastplate', '', 'Breastplate', '', '');
INSERT INTO `oc_category_description` (`category_id`, `language_id`, `name`, `description`, `meta_title`, `meta_description`, `meta_keyword`) VALUES ('81', '2', 'Ithaca Kitty', '', 'Ithaca Kitty', '', '');
INSERT INTO `oc_category_description` (`category_id`, `language_id`, `name`, `description`, `meta_title`, `meta_description`, `meta_keyword`) VALUES ('76', '1', 'Wedding jewellry', '', 'Wedding jewellry', '', '');
INSERT INTO `oc_category_description` (`category_id`, `language_id`, `name`, `description`, `meta_title`, `meta_description`, `meta_keyword`) VALUES ('79', '1', 'Torc', '', 'Torc', '', '');
INSERT INTO `oc_category_description` (`category_id`, `language_id`, `name`, `description`, `meta_title`, `meta_description`, `meta_keyword`) VALUES ('80', '1', 'Class ring', '', 'Class ring', '', '');
INSERT INTO `oc_category_description` (`category_id`, `language_id`, `name`, `description`, `meta_title`, `meta_description`, `meta_keyword`) VALUES ('77', '1', 'Diadem', '', 'Diadem', '', '');
INSERT INTO `oc_category_description` (`category_id`, `language_id`, `name`, `description`, `meta_title`, `meta_description`, `meta_keyword`) VALUES ('20', '1', 'Foilbacks', '&lt;p&gt;\r\n\tExample of category description text&lt;/p&gt;\r\n&lt;p&gt;This category includes all the basics of your wardrobe and much more:&lt;br&gt;\r\n shoes, accessories, printed t-shirts, feminine dresses, women\'s jeans!&lt;/p&gt;', 'Foilbacks', 'Example of category description', '');
INSERT INTO `oc_category_description` (`category_id`, `language_id`, `name`, `description`, `meta_title`, `meta_description`, `meta_keyword`) VALUES ('78', '2', 'Circlet', '', 'Circlet', '', '');
INSERT INTO `oc_category_description` (`category_id`, `language_id`, `name`, `description`, `meta_title`, `meta_description`, `meta_keyword`) VALUES ('25', '2', 'Aigrette', '', 'Aigrette', '', '');
INSERT INTO `oc_category_description` (`category_id`, `language_id`, `name`, `description`, `meta_title`, `meta_description`, `meta_keyword`) VALUES ('27', '2', 'Breastplate', '', 'Breastplate', '', '');
INSERT INTO `oc_category_description` (`category_id`, `language_id`, `name`, `description`, `meta_title`, `meta_description`, `meta_keyword`) VALUES ('73', '2', 'Earrings', '', 'Earrings', '', '');
INSERT INTO `oc_category_description` (`category_id`, `language_id`, `name`, `description`, `meta_title`, `meta_description`, `meta_keyword`) VALUES ('69', '2', 'Belly chain', '', 'Belly chain', '', '');
INSERT INTO `oc_category_description` (`category_id`, `language_id`, `name`, `description`, `meta_title`, `meta_description`, `meta_keyword`) VALUES ('76', '2', 'Wedding jewellry', '', 'Wedding jewellry', '', '');
INSERT INTO `oc_category_description` (`category_id`, `language_id`, `name`, `description`, `meta_title`, `meta_description`, `meta_keyword`) VALUES ('72', '2', 'Promise ring', '', 'Promise ring', '', '');
INSERT INTO `oc_category_description` (`category_id`, `language_id`, `name`, `description`, `meta_title`, `meta_description`, `meta_keyword`) VALUES ('71', '2', 'fancy watch', '', 'fancy watch', '', '');


TRUNCATE TABLE `oc_category_filter`;

INSERT INTO `oc_category_filter` (`category_id`, `filter_id`) VALUES ('20', '1');
INSERT INTO `oc_category_filter` (`category_id`, `filter_id`) VALUES ('20', '2');
INSERT INTO `oc_category_filter` (`category_id`, `filter_id`) VALUES ('20', '3');
INSERT INTO `oc_category_filter` (`category_id`, `filter_id`) VALUES ('20', '4');
INSERT INTO `oc_category_filter` (`category_id`, `filter_id`) VALUES ('20', '5');
INSERT INTO `oc_category_filter` (`category_id`, `filter_id`) VALUES ('20', '6');
INSERT INTO `oc_category_filter` (`category_id`, `filter_id`) VALUES ('20', '7');
INSERT INTO `oc_category_filter` (`category_id`, `filter_id`) VALUES ('20', '8');
INSERT INTO `oc_category_filter` (`category_id`, `filter_id`) VALUES ('20', '9');


TRUNCATE TABLE `oc_category_path`;

INSERT INTO `oc_category_path` (`category_id`, `path_id`, `level`) VALUES ('25', '25', '0');
INSERT INTO `oc_category_path` (`category_id`, `path_id`, `level`) VALUES ('28', '25', '0');
INSERT INTO `oc_category_path` (`category_id`, `path_id`, `level`) VALUES ('28', '28', '1');
INSERT INTO `oc_category_path` (`category_id`, `path_id`, `level`) VALUES ('35', '25', '0');
INSERT INTO `oc_category_path` (`category_id`, `path_id`, `level`) VALUES ('35', '28', '1');
INSERT INTO `oc_category_path` (`category_id`, `path_id`, `level`) VALUES ('35', '35', '2');
INSERT INTO `oc_category_path` (`category_id`, `path_id`, `level`) VALUES ('36', '25', '0');
INSERT INTO `oc_category_path` (`category_id`, `path_id`, `level`) VALUES ('36', '28', '1');
INSERT INTO `oc_category_path` (`category_id`, `path_id`, `level`) VALUES ('36', '36', '2');
INSERT INTO `oc_category_path` (`category_id`, `path_id`, `level`) VALUES ('29', '25', '0');
INSERT INTO `oc_category_path` (`category_id`, `path_id`, `level`) VALUES ('29', '29', '1');
INSERT INTO `oc_category_path` (`category_id`, `path_id`, `level`) VALUES ('30', '25', '0');
INSERT INTO `oc_category_path` (`category_id`, `path_id`, `level`) VALUES ('30', '30', '1');
INSERT INTO `oc_category_path` (`category_id`, `path_id`, `level`) VALUES ('31', '25', '0');
INSERT INTO `oc_category_path` (`category_id`, `path_id`, `level`) VALUES ('31', '31', '1');
INSERT INTO `oc_category_path` (`category_id`, `path_id`, `level`) VALUES ('75', '75', '1');
INSERT INTO `oc_category_path` (`category_id`, `path_id`, `level`) VALUES ('75', '66', '0');
INSERT INTO `oc_category_path` (`category_id`, `path_id`, `level`) VALUES ('20', '20', '0');
INSERT INTO `oc_category_path` (`category_id`, `path_id`, `level`) VALUES ('27', '20', '0');
INSERT INTO `oc_category_path` (`category_id`, `path_id`, `level`) VALUES ('27', '27', '1');
INSERT INTO `oc_category_path` (`category_id`, `path_id`, `level`) VALUES ('26', '20', '0');
INSERT INTO `oc_category_path` (`category_id`, `path_id`, `level`) VALUES ('26', '26', '1');
INSERT INTO `oc_category_path` (`category_id`, `path_id`, `level`) VALUES ('59', '59', '2');
INSERT INTO `oc_category_path` (`category_id`, `path_id`, `level`) VALUES ('59', '26', '1');
INSERT INTO `oc_category_path` (`category_id`, `path_id`, `level`) VALUES ('64', '64', '2');
INSERT INTO `oc_category_path` (`category_id`, `path_id`, `level`) VALUES ('64', '27', '1');
INSERT INTO `oc_category_path` (`category_id`, `path_id`, `level`) VALUES ('64', '20', '0');
INSERT INTO `oc_category_path` (`category_id`, `path_id`, `level`) VALUES ('63', '63', '2');
INSERT INTO `oc_category_path` (`category_id`, `path_id`, `level`) VALUES ('63', '27', '1');
INSERT INTO `oc_category_path` (`category_id`, `path_id`, `level`) VALUES ('63', '20', '0');
INSERT INTO `oc_category_path` (`category_id`, `path_id`, `level`) VALUES ('62', '62', '2');
INSERT INTO `oc_category_path` (`category_id`, `path_id`, `level`) VALUES ('62', '27', '1');
INSERT INTO `oc_category_path` (`category_id`, `path_id`, `level`) VALUES ('61', '61', '2');
INSERT INTO `oc_category_path` (`category_id`, `path_id`, `level`) VALUES ('61', '20', '0');
INSERT INTO `oc_category_path` (`category_id`, `path_id`, `level`) VALUES ('61', '26', '1');
INSERT INTO `oc_category_path` (`category_id`, `path_id`, `level`) VALUES ('62', '20', '0');
INSERT INTO `oc_category_path` (`category_id`, `path_id`, `level`) VALUES ('60', '60', '2');
INSERT INTO `oc_category_path` (`category_id`, `path_id`, `level`) VALUES ('60', '26', '1');
INSERT INTO `oc_category_path` (`category_id`, `path_id`, `level`) VALUES ('60', '20', '0');
INSERT INTO `oc_category_path` (`category_id`, `path_id`, `level`) VALUES ('59', '20', '0');
INSERT INTO `oc_category_path` (`category_id`, `path_id`, `level`) VALUES ('65', '65', '0');
INSERT INTO `oc_category_path` (`category_id`, `path_id`, `level`) VALUES ('66', '66', '0');
INSERT INTO `oc_category_path` (`category_id`, `path_id`, `level`) VALUES ('67', '67', '0');
INSERT INTO `oc_category_path` (`category_id`, `path_id`, `level`) VALUES ('68', '68', '0');
INSERT INTO `oc_category_path` (`category_id`, `path_id`, `level`) VALUES ('69', '69', '0');
INSERT INTO `oc_category_path` (`category_id`, `path_id`, `level`) VALUES ('70', '70', '0');
INSERT INTO `oc_category_path` (`category_id`, `path_id`, `level`) VALUES ('71', '71', '0');
INSERT INTO `oc_category_path` (`category_id`, `path_id`, `level`) VALUES ('72', '72', '0');
INSERT INTO `oc_category_path` (`category_id`, `path_id`, `level`) VALUES ('73', '73', '0');
INSERT INTO `oc_category_path` (`category_id`, `path_id`, `level`) VALUES ('84', '84', '0');
INSERT INTO `oc_category_path` (`category_id`, `path_id`, `level`) VALUES ('76', '66', '0');
INSERT INTO `oc_category_path` (`category_id`, `path_id`, `level`) VALUES ('76', '76', '1');
INSERT INTO `oc_category_path` (`category_id`, `path_id`, `level`) VALUES ('77', '70', '0');
INSERT INTO `oc_category_path` (`category_id`, `path_id`, `level`) VALUES ('77', '77', '1');
INSERT INTO `oc_category_path` (`category_id`, `path_id`, `level`) VALUES ('78', '70', '0');
INSERT INTO `oc_category_path` (`category_id`, `path_id`, `level`) VALUES ('78', '78', '1');
INSERT INTO `oc_category_path` (`category_id`, `path_id`, `level`) VALUES ('79', '68', '0');
INSERT INTO `oc_category_path` (`category_id`, `path_id`, `level`) VALUES ('79', '79', '1');
INSERT INTO `oc_category_path` (`category_id`, `path_id`, `level`) VALUES ('80', '68', '0');
INSERT INTO `oc_category_path` (`category_id`, `path_id`, `level`) VALUES ('80', '80', '1');
INSERT INTO `oc_category_path` (`category_id`, `path_id`, `level`) VALUES ('81', '65', '0');
INSERT INTO `oc_category_path` (`category_id`, `path_id`, `level`) VALUES ('81', '81', '1');
INSERT INTO `oc_category_path` (`category_id`, `path_id`, `level`) VALUES ('82', '65', '0');
INSERT INTO `oc_category_path` (`category_id`, `path_id`, `level`) VALUES ('82', '82', '1');
INSERT INTO `oc_category_path` (`category_id`, `path_id`, `level`) VALUES ('83', '83', '0');


TRUNCATE TABLE `oc_category_to_layout`;

INSERT INTO `oc_category_to_layout` (`category_id`, `store_id`, `layout_id`) VALUES ('20', '0', '0');
INSERT INTO `oc_category_to_layout` (`category_id`, `store_id`, `layout_id`) VALUES ('26', '0', '0');
INSERT INTO `oc_category_to_layout` (`category_id`, `store_id`, `layout_id`) VALUES ('25', '0', '0');
INSERT INTO `oc_category_to_layout` (`category_id`, `store_id`, `layout_id`) VALUES ('27', '0', '0');
INSERT INTO `oc_category_to_layout` (`category_id`, `store_id`, `layout_id`) VALUES ('59', '0', '0');
INSERT INTO `oc_category_to_layout` (`category_id`, `store_id`, `layout_id`) VALUES ('60', '0', '0');
INSERT INTO `oc_category_to_layout` (`category_id`, `store_id`, `layout_id`) VALUES ('61', '0', '0');
INSERT INTO `oc_category_to_layout` (`category_id`, `store_id`, `layout_id`) VALUES ('62', '0', '0');
INSERT INTO `oc_category_to_layout` (`category_id`, `store_id`, `layout_id`) VALUES ('63', '0', '0');
INSERT INTO `oc_category_to_layout` (`category_id`, `store_id`, `layout_id`) VALUES ('64', '0', '0');
INSERT INTO `oc_category_to_layout` (`category_id`, `store_id`, `layout_id`) VALUES ('65', '0', '0');
INSERT INTO `oc_category_to_layout` (`category_id`, `store_id`, `layout_id`) VALUES ('66', '0', '0');
INSERT INTO `oc_category_to_layout` (`category_id`, `store_id`, `layout_id`) VALUES ('67', '0', '0');
INSERT INTO `oc_category_to_layout` (`category_id`, `store_id`, `layout_id`) VALUES ('29', '0', '0');
INSERT INTO `oc_category_to_layout` (`category_id`, `store_id`, `layout_id`) VALUES ('28', '0', '0');
INSERT INTO `oc_category_to_layout` (`category_id`, `store_id`, `layout_id`) VALUES ('30', '0', '0');
INSERT INTO `oc_category_to_layout` (`category_id`, `store_id`, `layout_id`) VALUES ('31', '0', '0');
INSERT INTO `oc_category_to_layout` (`category_id`, `store_id`, `layout_id`) VALUES ('75', '0', '0');
INSERT INTO `oc_category_to_layout` (`category_id`, `store_id`, `layout_id`) VALUES ('68', '0', '0');
INSERT INTO `oc_category_to_layout` (`category_id`, `store_id`, `layout_id`) VALUES ('69', '0', '0');
INSERT INTO `oc_category_to_layout` (`category_id`, `store_id`, `layout_id`) VALUES ('70', '0', '0');
INSERT INTO `oc_category_to_layout` (`category_id`, `store_id`, `layout_id`) VALUES ('71', '0', '0');
INSERT INTO `oc_category_to_layout` (`category_id`, `store_id`, `layout_id`) VALUES ('72', '0', '0');
INSERT INTO `oc_category_to_layout` (`category_id`, `store_id`, `layout_id`) VALUES ('73', '0', '0');
INSERT INTO `oc_category_to_layout` (`category_id`, `store_id`, `layout_id`) VALUES ('84', '0', '0');
INSERT INTO `oc_category_to_layout` (`category_id`, `store_id`, `layout_id`) VALUES ('76', '0', '0');
INSERT INTO `oc_category_to_layout` (`category_id`, `store_id`, `layout_id`) VALUES ('77', '0', '0');
INSERT INTO `oc_category_to_layout` (`category_id`, `store_id`, `layout_id`) VALUES ('78', '0', '0');
INSERT INTO `oc_category_to_layout` (`category_id`, `store_id`, `layout_id`) VALUES ('79', '0', '0');
INSERT INTO `oc_category_to_layout` (`category_id`, `store_id`, `layout_id`) VALUES ('80', '0', '0');
INSERT INTO `oc_category_to_layout` (`category_id`, `store_id`, `layout_id`) VALUES ('81', '0', '0');
INSERT INTO `oc_category_to_layout` (`category_id`, `store_id`, `layout_id`) VALUES ('82', '0', '0');
INSERT INTO `oc_category_to_layout` (`category_id`, `store_id`, `layout_id`) VALUES ('83', '0', '0');


TRUNCATE TABLE `oc_category_to_store`;

INSERT INTO `oc_category_to_store` (`category_id`, `store_id`) VALUES ('20', '0');
INSERT INTO `oc_category_to_store` (`category_id`, `store_id`) VALUES ('25', '0');
INSERT INTO `oc_category_to_store` (`category_id`, `store_id`) VALUES ('26', '0');
INSERT INTO `oc_category_to_store` (`category_id`, `store_id`) VALUES ('27', '0');
INSERT INTO `oc_category_to_store` (`category_id`, `store_id`) VALUES ('28', '0');
INSERT INTO `oc_category_to_store` (`category_id`, `store_id`) VALUES ('29', '0');
INSERT INTO `oc_category_to_store` (`category_id`, `store_id`) VALUES ('30', '0');
INSERT INTO `oc_category_to_store` (`category_id`, `store_id`) VALUES ('31', '0');
INSERT INTO `oc_category_to_store` (`category_id`, `store_id`) VALUES ('35', '0');
INSERT INTO `oc_category_to_store` (`category_id`, `store_id`) VALUES ('36', '0');
INSERT INTO `oc_category_to_store` (`category_id`, `store_id`) VALUES ('59', '0');
INSERT INTO `oc_category_to_store` (`category_id`, `store_id`) VALUES ('60', '0');
INSERT INTO `oc_category_to_store` (`category_id`, `store_id`) VALUES ('61', '0');
INSERT INTO `oc_category_to_store` (`category_id`, `store_id`) VALUES ('62', '0');
INSERT INTO `oc_category_to_store` (`category_id`, `store_id`) VALUES ('63', '0');
INSERT INTO `oc_category_to_store` (`category_id`, `store_id`) VALUES ('64', '0');
INSERT INTO `oc_category_to_store` (`category_id`, `store_id`) VALUES ('65', '0');
INSERT INTO `oc_category_to_store` (`category_id`, `store_id`) VALUES ('66', '0');
INSERT INTO `oc_category_to_store` (`category_id`, `store_id`) VALUES ('67', '0');
INSERT INTO `oc_category_to_store` (`category_id`, `store_id`) VALUES ('68', '0');
INSERT INTO `oc_category_to_store` (`category_id`, `store_id`) VALUES ('69', '0');
INSERT INTO `oc_category_to_store` (`category_id`, `store_id`) VALUES ('70', '0');
INSERT INTO `oc_category_to_store` (`category_id`, `store_id`) VALUES ('71', '0');
INSERT INTO `oc_category_to_store` (`category_id`, `store_id`) VALUES ('72', '0');
INSERT INTO `oc_category_to_store` (`category_id`, `store_id`) VALUES ('73', '0');
INSERT INTO `oc_category_to_store` (`category_id`, `store_id`) VALUES ('75', '0');
INSERT INTO `oc_category_to_store` (`category_id`, `store_id`) VALUES ('76', '0');
INSERT INTO `oc_category_to_store` (`category_id`, `store_id`) VALUES ('77', '0');
INSERT INTO `oc_category_to_store` (`category_id`, `store_id`) VALUES ('78', '0');
INSERT INTO `oc_category_to_store` (`category_id`, `store_id`) VALUES ('79', '0');
INSERT INTO `oc_category_to_store` (`category_id`, `store_id`) VALUES ('80', '0');
INSERT INTO `oc_category_to_store` (`category_id`, `store_id`) VALUES ('81', '0');
INSERT INTO `oc_category_to_store` (`category_id`, `store_id`) VALUES ('82', '0');
INSERT INTO `oc_category_to_store` (`category_id`, `store_id`) VALUES ('83', '0');
INSERT INTO `oc_category_to_store` (`category_id`, `store_id`) VALUES ('84', '0');


TRUNCATE TABLE `oc_coupon_category`;



TRUNCATE TABLE `oc_extension`;

INSERT INTO `oc_extension` (`extension_id`, `type`, `code`) VALUES ('1', 'payment', 'cod');
INSERT INTO `oc_extension` (`extension_id`, `type`, `code`) VALUES ('2', 'total', 'shipping');
INSERT INTO `oc_extension` (`extension_id`, `type`, `code`) VALUES ('3', 'total', 'sub_total');
INSERT INTO `oc_extension` (`extension_id`, `type`, `code`) VALUES ('4', 'total', 'tax');
INSERT INTO `oc_extension` (`extension_id`, `type`, `code`) VALUES ('5', 'total', 'total');
INSERT INTO `oc_extension` (`extension_id`, `type`, `code`) VALUES ('6', 'module', 'banner');
INSERT INTO `oc_extension` (`extension_id`, `type`, `code`) VALUES ('7', 'module', 'carousel');
INSERT INTO `oc_extension` (`extension_id`, `type`, `code`) VALUES ('8', 'total', 'credit');
INSERT INTO `oc_extension` (`extension_id`, `type`, `code`) VALUES ('9', 'shipping', 'flat');
INSERT INTO `oc_extension` (`extension_id`, `type`, `code`) VALUES ('10', 'total', 'handling');
INSERT INTO `oc_extension` (`extension_id`, `type`, `code`) VALUES ('11', 'total', 'low_order_fee');
INSERT INTO `oc_extension` (`extension_id`, `type`, `code`) VALUES ('12', 'total', 'coupon');
INSERT INTO `oc_extension` (`extension_id`, `type`, `code`) VALUES ('59', 'module', 'tt_mega_category');
INSERT INTO `oc_extension` (`extension_id`, `type`, `code`) VALUES ('14', 'module', 'account');
INSERT INTO `oc_extension` (`extension_id`, `type`, `code`) VALUES ('15', 'total', 'reward');
INSERT INTO `oc_extension` (`extension_id`, `type`, `code`) VALUES ('16', 'total', 'voucher');
INSERT INTO `oc_extension` (`extension_id`, `type`, `code`) VALUES ('17', 'payment', 'free_checkout');
INSERT INTO `oc_extension` (`extension_id`, `type`, `code`) VALUES ('18', 'module', 'featured');
INSERT INTO `oc_extension` (`extension_id`, `type`, `code`) VALUES ('19', 'module', 'slideshow');
INSERT INTO `oc_extension` (`extension_id`, `type`, `code`) VALUES ('20', 'theme', 'default');
INSERT INTO `oc_extension` (`extension_id`, `type`, `code`) VALUES ('21', 'dashboard', 'activity');
INSERT INTO `oc_extension` (`extension_id`, `type`, `code`) VALUES ('22', 'dashboard', 'sale');
INSERT INTO `oc_extension` (`extension_id`, `type`, `code`) VALUES ('23', 'dashboard', 'recent');
INSERT INTO `oc_extension` (`extension_id`, `type`, `code`) VALUES ('24', 'dashboard', 'order');
INSERT INTO `oc_extension` (`extension_id`, `type`, `code`) VALUES ('25', 'dashboard', 'online');
INSERT INTO `oc_extension` (`extension_id`, `type`, `code`) VALUES ('26', 'dashboard', 'map');
INSERT INTO `oc_extension` (`extension_id`, `type`, `code`) VALUES ('27', 'dashboard', 'customer');
INSERT INTO `oc_extension` (`extension_id`, `type`, `code`) VALUES ('28', 'dashboard', 'chart');
INSERT INTO `oc_extension` (`extension_id`, `type`, `code`) VALUES ('29', 'report', 'sale_coupon');
INSERT INTO `oc_extension` (`extension_id`, `type`, `code`) VALUES ('31', 'report', 'customer_search');
INSERT INTO `oc_extension` (`extension_id`, `type`, `code`) VALUES ('32', 'report', 'customer_transaction');
INSERT INTO `oc_extension` (`extension_id`, `type`, `code`) VALUES ('33', 'report', 'product_purchased');
INSERT INTO `oc_extension` (`extension_id`, `type`, `code`) VALUES ('34', 'report', 'product_viewed');
INSERT INTO `oc_extension` (`extension_id`, `type`, `code`) VALUES ('35', 'report', 'sale_return');
INSERT INTO `oc_extension` (`extension_id`, `type`, `code`) VALUES ('36', 'report', 'sale_order');
INSERT INTO `oc_extension` (`extension_id`, `type`, `code`) VALUES ('37', 'report', 'sale_shipping');
INSERT INTO `oc_extension` (`extension_id`, `type`, `code`) VALUES ('38', 'report', 'sale_tax');
INSERT INTO `oc_extension` (`extension_id`, `type`, `code`) VALUES ('39', 'report', 'customer_activity');
INSERT INTO `oc_extension` (`extension_id`, `type`, `code`) VALUES ('40', 'report', 'customer_order');
INSERT INTO `oc_extension` (`extension_id`, `type`, `code`) VALUES ('41', 'report', 'customer_reward');
INSERT INTO `oc_extension` (`extension_id`, `type`, `code`) VALUES ('43', 'module', 'tt_product_tab');
INSERT INTO `oc_extension` (`extension_id`, `type`, `code`) VALUES ('44', 'module', 'filter');
INSERT INTO `oc_extension` (`extension_id`, `type`, `code`) VALUES ('45', 'module', 'information');
INSERT INTO `oc_extension` (`extension_id`, `type`, `code`) VALUES ('46', 'module', 'special');
INSERT INTO `oc_extension` (`extension_id`, `type`, `code`) VALUES ('47', 'module', 'html');
INSERT INTO `oc_extension` (`extension_id`, `type`, `code`) VALUES ('52', 'module', 'category');
INSERT INTO `oc_extension` (`extension_id`, `type`, `code`) VALUES ('53', 'analytics', 'google');
INSERT INTO `oc_extension` (`extension_id`, `type`, `code`) VALUES ('62', 'module', 'tt_category_feature');
INSERT INTO `oc_extension` (`extension_id`, `type`, `code`) VALUES ('63', 'module', 'tt_category_tab');
INSERT INTO `oc_extension` (`extension_id`, `type`, `code`) VALUES ('64', 'module', 'tt_special_countdown');
INSERT INTO `oc_extension` (`extension_id`, `type`, `code`) VALUES ('65', 'module', 'bestseller');
INSERT INTO `oc_extension` (`extension_id`, `type`, `code`) VALUES ('66', 'module', 'latest');
INSERT INTO `oc_extension` (`extension_id`, `type`, `code`) VALUES ('68', 'module', 'ttnewslettersubscribe');
INSERT INTO `oc_extension` (`extension_id`, `type`, `code`) VALUES ('70', 'module', 'tt_live_search');


TRUNCATE TABLE `oc_filter`;

INSERT INTO `oc_filter` (`filter_id`, `filter_group_id`, `sort_order`) VALUES ('1', '1', '1');
INSERT INTO `oc_filter` (`filter_id`, `filter_group_id`, `sort_order`) VALUES ('2', '1', '2');
INSERT INTO `oc_filter` (`filter_id`, `filter_group_id`, `sort_order`) VALUES ('3', '1', '3');
INSERT INTO `oc_filter` (`filter_id`, `filter_group_id`, `sort_order`) VALUES ('4', '2', '1');
INSERT INTO `oc_filter` (`filter_id`, `filter_group_id`, `sort_order`) VALUES ('5', '2', '2');
INSERT INTO `oc_filter` (`filter_id`, `filter_group_id`, `sort_order`) VALUES ('6', '2', '3');
INSERT INTO `oc_filter` (`filter_id`, `filter_group_id`, `sort_order`) VALUES ('7', '3', '1');
INSERT INTO `oc_filter` (`filter_id`, `filter_group_id`, `sort_order`) VALUES ('8', '3', '2');
INSERT INTO `oc_filter` (`filter_id`, `filter_group_id`, `sort_order`) VALUES ('9', '3', '3');


TRUNCATE TABLE `oc_filter_description`;

INSERT INTO `oc_filter_description` (`filter_id`, `language_id`, `filter_group_id`, `name`) VALUES ('1', '1', '1', 'Black');
INSERT INTO `oc_filter_description` (`filter_id`, `language_id`, `filter_group_id`, `name`) VALUES ('1', '2', '1', 'Black');
INSERT INTO `oc_filter_description` (`filter_id`, `language_id`, `filter_group_id`, `name`) VALUES ('2', '1', '1', 'White');
INSERT INTO `oc_filter_description` (`filter_id`, `language_id`, `filter_group_id`, `name`) VALUES ('2', '2', '1', 'White');
INSERT INTO `oc_filter_description` (`filter_id`, `language_id`, `filter_group_id`, `name`) VALUES ('3', '1', '1', 'Silver');
INSERT INTO `oc_filter_description` (`filter_id`, `language_id`, `filter_group_id`, `name`) VALUES ('3', '2', '1', 'Silver');
INSERT INTO `oc_filter_description` (`filter_id`, `language_id`, `filter_group_id`, `name`) VALUES ('4', '1', '2', '$100 and belov');
INSERT INTO `oc_filter_description` (`filter_id`, `language_id`, `filter_group_id`, `name`) VALUES ('4', '2', '2', '$100 and belov');
INSERT INTO `oc_filter_description` (`filter_id`, `language_id`, `filter_group_id`, `name`) VALUES ('5', '1', '2', '$100 to $200');
INSERT INTO `oc_filter_description` (`filter_id`, `language_id`, `filter_group_id`, `name`) VALUES ('5', '2', '2', '$100 to $200');
INSERT INTO `oc_filter_description` (`filter_id`, `language_id`, `filter_group_id`, `name`) VALUES ('6', '1', '2', '$200 and more');
INSERT INTO `oc_filter_description` (`filter_id`, `language_id`, `filter_group_id`, `name`) VALUES ('6', '2', '2', '$200 and more');
INSERT INTO `oc_filter_description` (`filter_id`, `language_id`, `filter_group_id`, `name`) VALUES ('7', '1', '3', 'Large');
INSERT INTO `oc_filter_description` (`filter_id`, `language_id`, `filter_group_id`, `name`) VALUES ('7', '2', '3', 'Large');
INSERT INTO `oc_filter_description` (`filter_id`, `language_id`, `filter_group_id`, `name`) VALUES ('8', '1', '3', 'Medium');
INSERT INTO `oc_filter_description` (`filter_id`, `language_id`, `filter_group_id`, `name`) VALUES ('8', '2', '3', 'Medium');
INSERT INTO `oc_filter_description` (`filter_id`, `language_id`, `filter_group_id`, `name`) VALUES ('9', '1', '3', 'Small');
INSERT INTO `oc_filter_description` (`filter_id`, `language_id`, `filter_group_id`, `name`) VALUES ('9', '2', '3', 'Small');


TRUNCATE TABLE `oc_filter_group`;

INSERT INTO `oc_filter_group` (`filter_group_id`, `sort_order`) VALUES ('1', '1');
INSERT INTO `oc_filter_group` (`filter_group_id`, `sort_order`) VALUES ('2', '2');
INSERT INTO `oc_filter_group` (`filter_group_id`, `sort_order`) VALUES ('3', '3');


TRUNCATE TABLE `oc_filter_group_description`;

INSERT INTO `oc_filter_group_description` (`filter_group_id`, `language_id`, `name`) VALUES ('1', '1', 'Colors');
INSERT INTO `oc_filter_group_description` (`filter_group_id`, `language_id`, `name`) VALUES ('1', '2', 'Colors');
INSERT INTO `oc_filter_group_description` (`filter_group_id`, `language_id`, `name`) VALUES ('2', '1', 'Price');
INSERT INTO `oc_filter_group_description` (`filter_group_id`, `language_id`, `name`) VALUES ('2', '2', 'Price');
INSERT INTO `oc_filter_group_description` (`filter_group_id`, `language_id`, `name`) VALUES ('3', '1', 'Size');
INSERT INTO `oc_filter_group_description` (`filter_group_id`, `language_id`, `name`) VALUES ('3', '2', 'Size');


TRUNCATE TABLE `oc_layout_module`;

INSERT INTO `oc_layout_module` (`layout_module_id`, `layout_id`, `code`, `position`, `sort_order`) VALUES ('2927', '1', 'html.85', 'content_bottom', '4');
INSERT INTO `oc_layout_module` (`layout_module_id`, `layout_id`, `code`, `position`, `sort_order`) VALUES ('2811', '3', 'html.53', 'footer_top', '1');
INSERT INTO `oc_layout_module` (`layout_module_id`, `layout_id`, `code`, `position`, `sort_order`) VALUES ('2810', '3', 'ttnewslettersubscribe.93', 'footer_top', '0');
INSERT INTO `oc_layout_module` (`layout_module_id`, `layout_id`, `code`, `position`, `sort_order`) VALUES ('2844', '4', 'html.53', 'footer_top', '1');
INSERT INTO `oc_layout_module` (`layout_module_id`, `layout_id`, `code`, `position`, `sort_order`) VALUES ('2809', '3', 'html.76', 'footer_left', '0');
INSERT INTO `oc_layout_module` (`layout_module_id`, `layout_id`, `code`, `position`, `sort_order`) VALUES ('2843', '4', 'ttnewslettersubscribe.93', 'footer_top', '0');
INSERT INTO `oc_layout_module` (`layout_module_id`, `layout_id`, `code`, `position`, `sort_order`) VALUES ('2865', '5', 'html.49', 'footer_right', '0');
INSERT INTO `oc_layout_module` (`layout_module_id`, `layout_id`, `code`, `position`, `sort_order`) VALUES ('2862', '5', 'ttnewslettersubscribe.93', 'footer_top', '0');
INSERT INTO `oc_layout_module` (`layout_module_id`, `layout_id`, `code`, `position`, `sort_order`) VALUES ('2861', '5', 'html.76', 'footer_left', '0');
INSERT INTO `oc_layout_module` (`layout_module_id`, `layout_id`, `code`, `position`, `sort_order`) VALUES ('2884', '13', 'html.49', 'footer_right', '0');
INSERT INTO `oc_layout_module` (`layout_module_id`, `layout_id`, `code`, `position`, `sort_order`) VALUES ('2881', '13', 'ttnewslettersubscribe.93', 'footer_top', '0');
INSERT INTO `oc_layout_module` (`layout_module_id`, `layout_id`, `code`, `position`, `sort_order`) VALUES ('2926', '1', 'tt_special_countdown.81', 'content_bottom', '3');
INSERT INTO `oc_layout_module` (`layout_module_id`, `layout_id`, `code`, `position`, `sort_order`) VALUES ('2813', '3', 'html.49', 'footer_right', '0');
INSERT INTO `oc_layout_module` (`layout_module_id`, `layout_id`, `code`, `position`, `sort_order`) VALUES ('2846', '4', 'html.49', 'footer_right', '0');
INSERT INTO `oc_layout_module` (`layout_module_id`, `layout_id`, `code`, `position`, `sort_order`) VALUES ('2842', '4', 'html.76', 'footer_left', '0');
INSERT INTO `oc_layout_module` (`layout_module_id`, `layout_id`, `code`, `position`, `sort_order`) VALUES ('2864', '5', 'html.56', 'footer_bottom', '0');
INSERT INTO `oc_layout_module` (`layout_module_id`, `layout_id`, `code`, `position`, `sort_order`) VALUES ('2860', '5', 'information', 'column_left', '4');
INSERT INTO `oc_layout_module` (`layout_module_id`, `layout_id`, `code`, `position`, `sort_order`) VALUES ('2883', '13', 'html.56', 'footer_bottom', '0');
INSERT INTO `oc_layout_module` (`layout_module_id`, `layout_id`, `code`, `position`, `sort_order`) VALUES ('2880', '13', 'html.76', 'footer_left', '0');
INSERT INTO `oc_layout_module` (`layout_module_id`, `layout_id`, `code`, `position`, `sort_order`) VALUES ('2812', '3', 'html.56', 'footer_bottom', '0');
INSERT INTO `oc_layout_module` (`layout_module_id`, `layout_id`, `code`, `position`, `sort_order`) VALUES ('2845', '4', 'html.56', 'footer_bottom', '0');
INSERT INTO `oc_layout_module` (`layout_module_id`, `layout_id`, `code`, `position`, `sort_order`) VALUES ('2841', '4', 'information', 'column_left', '4');
INSERT INTO `oc_layout_module` (`layout_module_id`, `layout_id`, `code`, `position`, `sort_order`) VALUES ('2863', '5', 'html.53', 'footer_top', '1');
INSERT INTO `oc_layout_module` (`layout_module_id`, `layout_id`, `code`, `position`, `sort_order`) VALUES ('2882', '13', 'html.53', 'footer_top', '1');
INSERT INTO `oc_layout_module` (`layout_module_id`, `layout_id`, `code`, `position`, `sort_order`) VALUES ('2879', '13', 'information', 'column_left', '4');
INSERT INTO `oc_layout_module` (`layout_module_id`, `layout_id`, `code`, `position`, `sort_order`) VALUES ('2808', '3', 'information', 'column_left', '4');
INSERT INTO `oc_layout_module` (`layout_module_id`, `layout_id`, `code`, `position`, `sort_order`) VALUES ('2859', '5', 'featured.28', 'column_left', '3');
INSERT INTO `oc_layout_module` (`layout_module_id`, `layout_id`, `code`, `position`, `sort_order`) VALUES ('2943', '6', 'banner.30', 'column_left', '2');
INSERT INTO `oc_layout_module` (`layout_module_id`, `layout_id`, `code`, `position`, `sort_order`) VALUES ('2955', '10', 'banner.30', 'column_left', '2');
INSERT INTO `oc_layout_module` (`layout_module_id`, `layout_id`, `code`, `position`, `sort_order`) VALUES ('2967', '7', 'banner.30', 'column_left', '2');
INSERT INTO `oc_layout_module` (`layout_module_id`, `layout_id`, `code`, `position`, `sort_order`) VALUES ('2979', '12', 'banner.30', 'column_left', '2');
INSERT INTO `oc_layout_module` (`layout_module_id`, `layout_id`, `code`, `position`, `sort_order`) VALUES ('2991', '8', 'banner.30', 'column_left', '2');
INSERT INTO `oc_layout_module` (`layout_module_id`, `layout_id`, `code`, `position`, `sort_order`) VALUES ('2840', '4', 'featured.28', 'column_left', '3');
INSERT INTO `oc_layout_module` (`layout_module_id`, `layout_id`, `code`, `position`, `sort_order`) VALUES ('2925', '1', 'html.86', 'content_bottom', '2');
INSERT INTO `oc_layout_module` (`layout_module_id`, `layout_id`, `code`, `position`, `sort_order`) VALUES ('3003', '11', 'banner.30', 'column_left', '2');
INSERT INTO `oc_layout_module` (`layout_module_id`, `layout_id`, `code`, `position`, `sort_order`) VALUES ('3015', '2', 'banner.30', 'column_left', '2');
INSERT INTO `oc_layout_module` (`layout_module_id`, `layout_id`, `code`, `position`, `sort_order`) VALUES ('2878', '13', 'featured.28', 'column_left', '3');
INSERT INTO `oc_layout_module` (`layout_module_id`, `layout_id`, `code`, `position`, `sort_order`) VALUES ('3027', '9', 'banner.30', 'column_left', '2');
INSERT INTO `oc_layout_module` (`layout_module_id`, `layout_id`, `code`, `position`, `sort_order`) VALUES ('2924', '1', 'tt_product_tab.33', 'content_bottom', '1');
INSERT INTO `oc_layout_module` (`layout_module_id`, `layout_id`, `code`, `position`, `sort_order`) VALUES ('2923', '1', 'html.98', 'content_bottom', '0');
INSERT INTO `oc_layout_module` (`layout_module_id`, `layout_id`, `code`, `position`, `sort_order`) VALUES ('2922', '1', 'ttnewslettersubscribe.94', 'content_top', '2');
INSERT INTO `oc_layout_module` (`layout_module_id`, `layout_id`, `code`, `position`, `sort_order`) VALUES ('2921', '1', 'slideshow.27', 'content_top', '0');
INSERT INTO `oc_layout_module` (`layout_module_id`, `layout_id`, `code`, `position`, `sort_order`) VALUES ('2942', '6', 'filter', 'column_left', '1');
INSERT INTO `oc_layout_module` (`layout_module_id`, `layout_id`, `code`, `position`, `sort_order`) VALUES ('2954', '10', 'filter', 'column_left', '1');
INSERT INTO `oc_layout_module` (`layout_module_id`, `layout_id`, `code`, `position`, `sort_order`) VALUES ('2807', '3', 'featured.28', 'column_left', '3');
INSERT INTO `oc_layout_module` (`layout_module_id`, `layout_id`, `code`, `position`, `sort_order`) VALUES ('2966', '7', 'filter', 'column_left', '1');
INSERT INTO `oc_layout_module` (`layout_module_id`, `layout_id`, `code`, `position`, `sort_order`) VALUES ('2978', '12', 'filter', 'column_left', '1');
INSERT INTO `oc_layout_module` (`layout_module_id`, `layout_id`, `code`, `position`, `sort_order`) VALUES ('2990', '8', 'filter', 'column_left', '1');
INSERT INTO `oc_layout_module` (`layout_module_id`, `layout_id`, `code`, `position`, `sort_order`) VALUES ('2839', '4', 'banner.30', 'column_left', '2');
INSERT INTO `oc_layout_module` (`layout_module_id`, `layout_id`, `code`, `position`, `sort_order`) VALUES ('3002', '11', 'filter', 'column_left', '1');
INSERT INTO `oc_layout_module` (`layout_module_id`, `layout_id`, `code`, `position`, `sort_order`) VALUES ('2858', '5', 'banner.30', 'column_left', '2');
INSERT INTO `oc_layout_module` (`layout_module_id`, `layout_id`, `code`, `position`, `sort_order`) VALUES ('3014', '2', 'filter', 'column_left', '1');
INSERT INTO `oc_layout_module` (`layout_module_id`, `layout_id`, `code`, `position`, `sort_order`) VALUES ('2877', '13', 'banner.30', 'column_left', '2');
INSERT INTO `oc_layout_module` (`layout_module_id`, `layout_id`, `code`, `position`, `sort_order`) VALUES ('3026', '9', 'filter', 'column_left', '1');
INSERT INTO `oc_layout_module` (`layout_module_id`, `layout_id`, `code`, `position`, `sort_order`) VALUES ('2920', '1', 'information', 'column_left', '5');
INSERT INTO `oc_layout_module` (`layout_module_id`, `layout_id`, `code`, `position`, `sort_order`) VALUES ('2919', '1', 'bestseller.101', 'column_left', '4');
INSERT INTO `oc_layout_module` (`layout_module_id`, `layout_id`, `code`, `position`, `sort_order`) VALUES ('2941', '6', 'category', 'column_left', '0');
INSERT INTO `oc_layout_module` (`layout_module_id`, `layout_id`, `code`, `position`, `sort_order`) VALUES ('2940', '6', 'tt_mega_category', 'header_bottom', '0');
INSERT INTO `oc_layout_module` (`layout_module_id`, `layout_id`, `code`, `position`, `sort_order`) VALUES ('2939', '6', 'html.95', 'header_left', '0');
INSERT INTO `oc_layout_module` (`layout_module_id`, `layout_id`, `code`, `position`, `sort_order`) VALUES ('2953', '10', 'category', 'column_left', '0');
INSERT INTO `oc_layout_module` (`layout_module_id`, `layout_id`, `code`, `position`, `sort_order`) VALUES ('2952', '10', 'tt_mega_category', 'header_bottom', '0');
INSERT INTO `oc_layout_module` (`layout_module_id`, `layout_id`, `code`, `position`, `sort_order`) VALUES ('2951', '10', 'html.95', 'header_left', '0');
INSERT INTO `oc_layout_module` (`layout_module_id`, `layout_id`, `code`, `position`, `sort_order`) VALUES ('2806', '3', 'banner.30', 'column_left', '2');
INSERT INTO `oc_layout_module` (`layout_module_id`, `layout_id`, `code`, `position`, `sort_order`) VALUES ('2805', '3', 'filter', 'column_left', '1');
INSERT INTO `oc_layout_module` (`layout_module_id`, `layout_id`, `code`, `position`, `sort_order`) VALUES ('2804', '3', 'category', 'column_left', '0');
INSERT INTO `oc_layout_module` (`layout_module_id`, `layout_id`, `code`, `position`, `sort_order`) VALUES ('2803', '3', 'tt_mega_category', 'header_bottom', '0');
INSERT INTO `oc_layout_module` (`layout_module_id`, `layout_id`, `code`, `position`, `sort_order`) VALUES ('2802', '3', 'html.95', 'header_left', '0');
INSERT INTO `oc_layout_module` (`layout_module_id`, `layout_id`, `code`, `position`, `sort_order`) VALUES ('2965', '7', 'category', 'column_left', '0');
INSERT INTO `oc_layout_module` (`layout_module_id`, `layout_id`, `code`, `position`, `sort_order`) VALUES ('2964', '7', 'tt_mega_category', 'header_bottom', '0');
INSERT INTO `oc_layout_module` (`layout_module_id`, `layout_id`, `code`, `position`, `sort_order`) VALUES ('2963', '7', 'html.95', 'header_left', '0');
INSERT INTO `oc_layout_module` (`layout_module_id`, `layout_id`, `code`, `position`, `sort_order`) VALUES ('2977', '12', 'category', 'column_left', '0');
INSERT INTO `oc_layout_module` (`layout_module_id`, `layout_id`, `code`, `position`, `sort_order`) VALUES ('2976', '12', 'tt_mega_category', 'header_bottom', '0');
INSERT INTO `oc_layout_module` (`layout_module_id`, `layout_id`, `code`, `position`, `sort_order`) VALUES ('2975', '12', 'html.95', 'header_left', '0');
INSERT INTO `oc_layout_module` (`layout_module_id`, `layout_id`, `code`, `position`, `sort_order`) VALUES ('2989', '8', 'category', 'column_left', '0');
INSERT INTO `oc_layout_module` (`layout_module_id`, `layout_id`, `code`, `position`, `sort_order`) VALUES ('2988', '8', 'tt_mega_category', 'header_bottom', '0');
INSERT INTO `oc_layout_module` (`layout_module_id`, `layout_id`, `code`, `position`, `sort_order`) VALUES ('2987', '8', 'html.95', 'header_left', '0');
INSERT INTO `oc_layout_module` (`layout_module_id`, `layout_id`, `code`, `position`, `sort_order`) VALUES ('2838', '4', 'filter', 'column_left', '1');
INSERT INTO `oc_layout_module` (`layout_module_id`, `layout_id`, `code`, `position`, `sort_order`) VALUES ('2837', '4', 'category', 'column_left', '0');
INSERT INTO `oc_layout_module` (`layout_module_id`, `layout_id`, `code`, `position`, `sort_order`) VALUES ('2836', '4', 'tt_mega_category', 'header_bottom', '0');
INSERT INTO `oc_layout_module` (`layout_module_id`, `layout_id`, `code`, `position`, `sort_order`) VALUES ('2835', '4', 'html.95', 'header_left', '0');
INSERT INTO `oc_layout_module` (`layout_module_id`, `layout_id`, `code`, `position`, `sort_order`) VALUES ('2918', '1', 'html.89', 'column_left', '3');
INSERT INTO `oc_layout_module` (`layout_module_id`, `layout_id`, `code`, `position`, `sort_order`) VALUES ('3001', '11', 'category', 'column_left', '0');
INSERT INTO `oc_layout_module` (`layout_module_id`, `layout_id`, `code`, `position`, `sort_order`) VALUES ('3000', '11', 'tt_mega_category', 'header_bottom', '0');
INSERT INTO `oc_layout_module` (`layout_module_id`, `layout_id`, `code`, `position`, `sort_order`) VALUES ('2999', '11', 'html.95', 'header_left', '0');
INSERT INTO `oc_layout_module` (`layout_module_id`, `layout_id`, `code`, `position`, `sort_order`) VALUES ('2857', '5', 'filter', 'column_left', '1');
INSERT INTO `oc_layout_module` (`layout_module_id`, `layout_id`, `code`, `position`, `sort_order`) VALUES ('2856', '5', 'category', 'column_left', '0');
INSERT INTO `oc_layout_module` (`layout_module_id`, `layout_id`, `code`, `position`, `sort_order`) VALUES ('2855', '5', 'tt_mega_category', 'header_bottom', '0');
INSERT INTO `oc_layout_module` (`layout_module_id`, `layout_id`, `code`, `position`, `sort_order`) VALUES ('2854', '5', 'html.95', 'header_left', '0');
INSERT INTO `oc_layout_module` (`layout_module_id`, `layout_id`, `code`, `position`, `sort_order`) VALUES ('2917', '1', 'latest.102', 'column_left', '2');
INSERT INTO `oc_layout_module` (`layout_module_id`, `layout_id`, `code`, `position`, `sort_order`) VALUES ('3013', '2', 'category', 'column_left', '0');
INSERT INTO `oc_layout_module` (`layout_module_id`, `layout_id`, `code`, `position`, `sort_order`) VALUES ('3012', '2', 'tt_mega_category', 'header_bottom', '0');
INSERT INTO `oc_layout_module` (`layout_module_id`, `layout_id`, `code`, `position`, `sort_order`) VALUES ('3011', '2', 'html.95', 'header_left', '0');
INSERT INTO `oc_layout_module` (`layout_module_id`, `layout_id`, `code`, `position`, `sort_order`) VALUES ('2876', '13', 'filter', 'column_left', '1');
INSERT INTO `oc_layout_module` (`layout_module_id`, `layout_id`, `code`, `position`, `sort_order`) VALUES ('2875', '13', 'category', 'column_left', '0');
INSERT INTO `oc_layout_module` (`layout_module_id`, `layout_id`, `code`, `position`, `sort_order`) VALUES ('2874', '13', 'tt_mega_category', 'header_bottom', '0');
INSERT INTO `oc_layout_module` (`layout_module_id`, `layout_id`, `code`, `position`, `sort_order`) VALUES ('2873', '13', 'html.95', 'header_left', '0');
INSERT INTO `oc_layout_module` (`layout_module_id`, `layout_id`, `code`, `position`, `sort_order`) VALUES ('3025', '9', 'category', 'column_left', '0');
INSERT INTO `oc_layout_module` (`layout_module_id`, `layout_id`, `code`, `position`, `sort_order`) VALUES ('3024', '9', 'tt_mega_category', 'header_bottom', '0');
INSERT INTO `oc_layout_module` (`layout_module_id`, `layout_id`, `code`, `position`, `sort_order`) VALUES ('3023', '9', 'html.95', 'header_left', '0');
INSERT INTO `oc_layout_module` (`layout_module_id`, `layout_id`, `code`, `position`, `sort_order`) VALUES ('2916', '1', 'banner.30', 'column_left', '1');
INSERT INTO `oc_layout_module` (`layout_module_id`, `layout_id`, `code`, `position`, `sort_order`) VALUES ('2915', '1', 'special.103', 'column_left', '0');
INSERT INTO `oc_layout_module` (`layout_module_id`, `layout_id`, `code`, `position`, `sort_order`) VALUES ('2914', '1', 'tt_mega_category', 'header_bottom', '0');
INSERT INTO `oc_layout_module` (`layout_module_id`, `layout_id`, `code`, `position`, `sort_order`) VALUES ('2913', '1', 'html.95', 'header_left', '0');
INSERT INTO `oc_layout_module` (`layout_module_id`, `layout_id`, `code`, `position`, `sort_order`) VALUES ('2928', '1', 'bestseller.97', 'content_bottom', '6');
INSERT INTO `oc_layout_module` (`layout_module_id`, `layout_id`, `code`, `position`, `sort_order`) VALUES ('2929', '1', 'html.92', 'content_bottom', '7');
INSERT INTO `oc_layout_module` (`layout_module_id`, `layout_id`, `code`, `position`, `sort_order`) VALUES ('2930', '1', 'tt_category_tab.80', 'content_bottom', '8');
INSERT INTO `oc_layout_module` (`layout_module_id`, `layout_id`, `code`, `position`, `sort_order`) VALUES ('2931', '1', 'tt_category_feature.79', 'content_bottom', '9');
INSERT INTO `oc_layout_module` (`layout_module_id`, `layout_id`, `code`, `position`, `sort_order`) VALUES ('2933', '1', 'carousel.29', 'content_bottom', '11');
INSERT INTO `oc_layout_module` (`layout_module_id`, `layout_id`, `code`, `position`, `sort_order`) VALUES ('2934', '1', 'html.76', 'footer_left', '0');
INSERT INTO `oc_layout_module` (`layout_module_id`, `layout_id`, `code`, `position`, `sort_order`) VALUES ('2935', '1', 'ttnewslettersubscribe.93', 'footer_top', '0');
INSERT INTO `oc_layout_module` (`layout_module_id`, `layout_id`, `code`, `position`, `sort_order`) VALUES ('2936', '1', 'html.53', 'footer_top', '1');
INSERT INTO `oc_layout_module` (`layout_module_id`, `layout_id`, `code`, `position`, `sort_order`) VALUES ('2937', '1', 'html.56', 'footer_bottom', '0');
INSERT INTO `oc_layout_module` (`layout_module_id`, `layout_id`, `code`, `position`, `sort_order`) VALUES ('2938', '1', 'html.49', 'footer_right', '0');
INSERT INTO `oc_layout_module` (`layout_module_id`, `layout_id`, `code`, `position`, `sort_order`) VALUES ('2944', '6', 'featured.28', 'column_left', '3');
INSERT INTO `oc_layout_module` (`layout_module_id`, `layout_id`, `code`, `position`, `sort_order`) VALUES ('2945', '6', 'information', 'column_left', '4');
INSERT INTO `oc_layout_module` (`layout_module_id`, `layout_id`, `code`, `position`, `sort_order`) VALUES ('2946', '6', 'html.76', 'footer_left', '0');
INSERT INTO `oc_layout_module` (`layout_module_id`, `layout_id`, `code`, `position`, `sort_order`) VALUES ('2947', '6', 'ttnewslettersubscribe.93', 'footer_top', '0');
INSERT INTO `oc_layout_module` (`layout_module_id`, `layout_id`, `code`, `position`, `sort_order`) VALUES ('2948', '6', 'html.53', 'footer_top', '1');
INSERT INTO `oc_layout_module` (`layout_module_id`, `layout_id`, `code`, `position`, `sort_order`) VALUES ('2949', '6', 'html.56', 'footer_bottom', '0');
INSERT INTO `oc_layout_module` (`layout_module_id`, `layout_id`, `code`, `position`, `sort_order`) VALUES ('2950', '6', 'html.49', 'footer_right', '0');
INSERT INTO `oc_layout_module` (`layout_module_id`, `layout_id`, `code`, `position`, `sort_order`) VALUES ('2956', '10', 'featured.28', 'column_left', '3');
INSERT INTO `oc_layout_module` (`layout_module_id`, `layout_id`, `code`, `position`, `sort_order`) VALUES ('2957', '10', 'information', 'column_left', '4');
INSERT INTO `oc_layout_module` (`layout_module_id`, `layout_id`, `code`, `position`, `sort_order`) VALUES ('2958', '10', 'html.76', 'footer_left', '0');
INSERT INTO `oc_layout_module` (`layout_module_id`, `layout_id`, `code`, `position`, `sort_order`) VALUES ('2959', '10', 'ttnewslettersubscribe.93', 'footer_top', '0');
INSERT INTO `oc_layout_module` (`layout_module_id`, `layout_id`, `code`, `position`, `sort_order`) VALUES ('2960', '10', 'html.53', 'footer_top', '1');
INSERT INTO `oc_layout_module` (`layout_module_id`, `layout_id`, `code`, `position`, `sort_order`) VALUES ('2961', '10', 'html.56', 'footer_bottom', '0');
INSERT INTO `oc_layout_module` (`layout_module_id`, `layout_id`, `code`, `position`, `sort_order`) VALUES ('2962', '10', 'html.49', 'footer_right', '0');
INSERT INTO `oc_layout_module` (`layout_module_id`, `layout_id`, `code`, `position`, `sort_order`) VALUES ('2968', '7', 'featured.28', 'column_left', '3');
INSERT INTO `oc_layout_module` (`layout_module_id`, `layout_id`, `code`, `position`, `sort_order`) VALUES ('2969', '7', 'information', 'column_left', '4');
INSERT INTO `oc_layout_module` (`layout_module_id`, `layout_id`, `code`, `position`, `sort_order`) VALUES ('2970', '7', 'html.76', 'footer_left', '0');
INSERT INTO `oc_layout_module` (`layout_module_id`, `layout_id`, `code`, `position`, `sort_order`) VALUES ('2971', '7', 'ttnewslettersubscribe.93', 'footer_top', '0');
INSERT INTO `oc_layout_module` (`layout_module_id`, `layout_id`, `code`, `position`, `sort_order`) VALUES ('2972', '7', 'html.53', 'footer_top', '1');
INSERT INTO `oc_layout_module` (`layout_module_id`, `layout_id`, `code`, `position`, `sort_order`) VALUES ('2973', '7', 'html.56', 'footer_bottom', '0');
INSERT INTO `oc_layout_module` (`layout_module_id`, `layout_id`, `code`, `position`, `sort_order`) VALUES ('2974', '7', 'html.49', 'footer_right', '0');
INSERT INTO `oc_layout_module` (`layout_module_id`, `layout_id`, `code`, `position`, `sort_order`) VALUES ('2980', '12', 'featured.28', 'column_left', '3');
INSERT INTO `oc_layout_module` (`layout_module_id`, `layout_id`, `code`, `position`, `sort_order`) VALUES ('2981', '12', 'information', 'column_left', '4');
INSERT INTO `oc_layout_module` (`layout_module_id`, `layout_id`, `code`, `position`, `sort_order`) VALUES ('2982', '12', 'html.76', 'footer_left', '0');
INSERT INTO `oc_layout_module` (`layout_module_id`, `layout_id`, `code`, `position`, `sort_order`) VALUES ('2983', '12', 'ttnewslettersubscribe.93', 'footer_top', '0');
INSERT INTO `oc_layout_module` (`layout_module_id`, `layout_id`, `code`, `position`, `sort_order`) VALUES ('2984', '12', 'html.53', 'footer_top', '1');
INSERT INTO `oc_layout_module` (`layout_module_id`, `layout_id`, `code`, `position`, `sort_order`) VALUES ('2985', '12', 'html.56', 'footer_bottom', '0');
INSERT INTO `oc_layout_module` (`layout_module_id`, `layout_id`, `code`, `position`, `sort_order`) VALUES ('2986', '12', 'html.49', 'footer_right', '0');
INSERT INTO `oc_layout_module` (`layout_module_id`, `layout_id`, `code`, `position`, `sort_order`) VALUES ('2992', '8', 'featured.28', 'column_left', '3');
INSERT INTO `oc_layout_module` (`layout_module_id`, `layout_id`, `code`, `position`, `sort_order`) VALUES ('2993', '8', 'information', 'column_left', '4');
INSERT INTO `oc_layout_module` (`layout_module_id`, `layout_id`, `code`, `position`, `sort_order`) VALUES ('2994', '8', 'html.76', 'footer_left', '0');
INSERT INTO `oc_layout_module` (`layout_module_id`, `layout_id`, `code`, `position`, `sort_order`) VALUES ('2995', '8', 'ttnewslettersubscribe.93', 'footer_top', '0');
INSERT INTO `oc_layout_module` (`layout_module_id`, `layout_id`, `code`, `position`, `sort_order`) VALUES ('2996', '8', 'html.53', 'footer_top', '1');
INSERT INTO `oc_layout_module` (`layout_module_id`, `layout_id`, `code`, `position`, `sort_order`) VALUES ('2997', '8', 'html.56', 'footer_bottom', '0');
INSERT INTO `oc_layout_module` (`layout_module_id`, `layout_id`, `code`, `position`, `sort_order`) VALUES ('2998', '8', 'html.49', 'footer_right', '0');
INSERT INTO `oc_layout_module` (`layout_module_id`, `layout_id`, `code`, `position`, `sort_order`) VALUES ('3004', '11', 'featured.28', 'column_left', '3');
INSERT INTO `oc_layout_module` (`layout_module_id`, `layout_id`, `code`, `position`, `sort_order`) VALUES ('3005', '11', 'information', 'column_left', '4');
INSERT INTO `oc_layout_module` (`layout_module_id`, `layout_id`, `code`, `position`, `sort_order`) VALUES ('3006', '11', 'html.76', 'footer_left', '0');
INSERT INTO `oc_layout_module` (`layout_module_id`, `layout_id`, `code`, `position`, `sort_order`) VALUES ('3007', '11', 'ttnewslettersubscribe.93', 'footer_top', '0');
INSERT INTO `oc_layout_module` (`layout_module_id`, `layout_id`, `code`, `position`, `sort_order`) VALUES ('3008', '11', 'html.53', 'footer_top', '1');
INSERT INTO `oc_layout_module` (`layout_module_id`, `layout_id`, `code`, `position`, `sort_order`) VALUES ('3009', '11', 'html.56', 'footer_bottom', '0');
INSERT INTO `oc_layout_module` (`layout_module_id`, `layout_id`, `code`, `position`, `sort_order`) VALUES ('3010', '11', 'html.49', 'footer_right', '0');
INSERT INTO `oc_layout_module` (`layout_module_id`, `layout_id`, `code`, `position`, `sort_order`) VALUES ('3016', '2', 'featured.28', 'column_left', '3');
INSERT INTO `oc_layout_module` (`layout_module_id`, `layout_id`, `code`, `position`, `sort_order`) VALUES ('3017', '2', 'information', 'column_left', '4');
INSERT INTO `oc_layout_module` (`layout_module_id`, `layout_id`, `code`, `position`, `sort_order`) VALUES ('3018', '2', 'html.76', 'footer_left', '0');
INSERT INTO `oc_layout_module` (`layout_module_id`, `layout_id`, `code`, `position`, `sort_order`) VALUES ('3019', '2', 'ttnewslettersubscribe.93', 'footer_top', '0');
INSERT INTO `oc_layout_module` (`layout_module_id`, `layout_id`, `code`, `position`, `sort_order`) VALUES ('3020', '2', 'html.53', 'footer_top', '1');
INSERT INTO `oc_layout_module` (`layout_module_id`, `layout_id`, `code`, `position`, `sort_order`) VALUES ('3021', '2', 'html.56', 'footer_bottom', '0');
INSERT INTO `oc_layout_module` (`layout_module_id`, `layout_id`, `code`, `position`, `sort_order`) VALUES ('3022', '2', 'html.49', 'footer_right', '0');
INSERT INTO `oc_layout_module` (`layout_module_id`, `layout_id`, `code`, `position`, `sort_order`) VALUES ('3028', '9', 'featured.28', 'column_left', '3');
INSERT INTO `oc_layout_module` (`layout_module_id`, `layout_id`, `code`, `position`, `sort_order`) VALUES ('3029', '9', 'information', 'column_left', '4');
INSERT INTO `oc_layout_module` (`layout_module_id`, `layout_id`, `code`, `position`, `sort_order`) VALUES ('3030', '9', 'html.76', 'footer_left', '0');
INSERT INTO `oc_layout_module` (`layout_module_id`, `layout_id`, `code`, `position`, `sort_order`) VALUES ('3031', '9', 'ttnewslettersubscribe.93', 'footer_top', '0');
INSERT INTO `oc_layout_module` (`layout_module_id`, `layout_id`, `code`, `position`, `sort_order`) VALUES ('3032', '9', 'html.53', 'footer_top', '1');
INSERT INTO `oc_layout_module` (`layout_module_id`, `layout_id`, `code`, `position`, `sort_order`) VALUES ('3033', '9', 'html.56', 'footer_bottom', '0');
INSERT INTO `oc_layout_module` (`layout_module_id`, `layout_id`, `code`, `position`, `sort_order`) VALUES ('3034', '9', 'html.49', 'footer_right', '0');


TRUNCATE TABLE `oc_module`;

INSERT INTO `oc_module` (`module_id`, `name`, `code`, `setting`) VALUES ('30', 'Category-Left-Banner', 'banner', '{"name":"Category-Left-Banner","banner_id":"6","width":"290","height":"450","status":"1"}');
INSERT INTO `oc_module` (`module_id`, `name`, `code`, `setting`) VALUES ('29', 'Manufacturers', 'carousel', '{"name":"Manufacturers","banner_id":"8","width":"140","height":"100","status":"1"}');
INSERT INTO `oc_module` (`module_id`, `name`, `code`, `setting`) VALUES ('28', 'Left-Feature', 'featured', '{"name":"Left-Feature","product_name":"","product":["43","40","42","30","28"],"limit":"3","width":"70","height":"91","status":"1"}');
INSERT INTO `oc_module` (`module_id`, `name`, `code`, `setting`) VALUES ('27', 'Home Page Slideshow', 'slideshow', '{"name":"Home Page Slideshow","banner_id":"7","width":"1280","height":"550","status":"1"}');
INSERT INTO `oc_module` (`module_id`, `name`, `code`, `setting`) VALUES ('33', 'TT-Trending Products', 'tt_product_tab', '{"name":"TT-Trending Products","featured_products":"1","latest_products":"1","bestseller_products":"1","product":["42","28","41","46","40","45","43","47","48","29","49"],"limit":"15","width":"232","height":"302","status":"1","special_products":0}');
INSERT INTO `oc_module` (`module_id`, `name`, `code`, `setting`) VALUES ('49', 'TT-CMS-ContactUs', 'html', '{"name":"TT-CMS-ContactUs","module_description":{"1":{"title":"","description":"&lt;div class=&quot;contact-us&quot;&gt;\r\n&lt;h5 class=&quot;&quot;&gt;Store Information&lt;\\/h5&gt;\r\n&lt;ul style=&quot;display: block;&quot; class=&quot;list-unstyled&quot;&gt;\r\n&lt;li class=&quot;contact-detail&quot;&gt;\r\n&lt;div class=&quot;data address&quot;&gt;\r\n&lt;i class=&quot;fa fa-map-marker&quot;&gt;&lt;\\/i&gt;\r\n&lt;div class=&quot;contact-address&quot;&gt;Demo Store&lt;br&gt;United States&lt;\\/div&gt;\r\n&lt;\\/div&gt;\r\n&lt;\\/li&gt;\r\n&lt;li class=&quot;email&quot;&gt;\r\n&lt;div class=&quot;data email&quot;&gt;\r\n&lt;i class=&quot;fa fa-envelope&quot;&gt;&lt;\\/i&gt;\r\n&lt;span class=&quot;email-address&quot;&gt;\r\n&lt;a href=&quot;mailto:demo@gmail.com&quot;&gt;demo@gmail.com&lt;\\/a&gt;\r\n&lt;\\/span&gt;\r\n&lt;\\/div&gt;\r\n&lt;\\/li&gt;\r\n\r\n&lt;li class=&quot;fax&quot;&gt;\r\n&lt;div class=&quot;data fax&quot;&gt;\r\n&lt;i class=&quot;fa fa-fax&quot;&gt;&lt;\\/i&gt;\r\n&lt;span class=&quot;fax-address&quot;&gt;\r\n&lt;a href=&quot;#&quot;&gt;22354863&lt;\\/a&gt;\r\n&lt;\\/span&gt;\r\n&lt;\\/div&gt;\r\n&lt;\\/li&gt;\r\n\r\n&lt;li class=&quot;contact&quot;&gt;\r\n&lt;div class=&quot;data contact&quot;&gt;\r\n&lt;i class=&quot;fa fa-phone&quot;&gt;&lt;\\/i&gt; \r\n&lt;span class=&quot;phone&quot;&gt;\r\n&lt;a href=&quot;#&quot;&gt;0123456789&lt;\\/a&gt;\r\n&lt;\\/span&gt;\r\n&lt;\\/div&gt;\r\n&lt;\\/li&gt;\r\n&lt;\\/ul&gt;\r\n&lt;\\/div&gt;"},"2":{"title":"","description":"&lt;div class=&quot;contact-us&quot;&gt;\r\n&lt;h5 class=&quot;&quot;&gt;Store Information&lt;\\/h5&gt;\r\n&lt;ul style=&quot;display: block;&quot; class=&quot;list-unstyled&quot;&gt;\r\n&lt;li class=&quot;contact-detail&quot;&gt;\r\n&lt;div class=&quot;data address&quot;&gt;\r\n&lt;i class=&quot;fa fa-map-marker&quot;&gt;&lt;\\/i&gt;\r\n&lt;div class=&quot;contact-address&quot;&gt;Demo Store&lt;br&gt;United States&lt;\\/div&gt;\r\n&lt;\\/div&gt;\r\n&lt;\\/li&gt;\r\n&lt;li class=&quot;email&quot;&gt;\r\n&lt;div class=&quot;data email&quot;&gt;\r\n&lt;i class=&quot;fa fa-envelope&quot;&gt;&lt;\\/i&gt;\r\n&lt;span class=&quot;email-address&quot;&gt;\r\n&lt;a href=&quot;mailto:demo@gmail.com&quot;&gt;demo@gmail.com&lt;\\/a&gt;\r\n&lt;\\/span&gt;\r\n&lt;\\/div&gt;\r\n&lt;\\/li&gt;\r\n\r\n&lt;li class=&quot;fax&quot;&gt;\r\n&lt;div class=&quot;data fax&quot;&gt;\r\n&lt;i class=&quot;fa fa-fax&quot;&gt;&lt;\\/i&gt;\r\n&lt;span class=&quot;fax-address&quot;&gt;\r\n&lt;a href=&quot;#&quot;&gt;22354863&lt;\\/a&gt;\r\n&lt;\\/span&gt;\r\n&lt;\\/div&gt;\r\n&lt;\\/li&gt;\r\n\r\n&lt;li class=&quot;contact&quot;&gt;\r\n&lt;div class=&quot;data contact&quot;&gt;\r\n&lt;i class=&quot;fa fa-phone&quot;&gt;&lt;\\/i&gt; \r\n&lt;span class=&quot;phone&quot;&gt;\r\n&lt;a href=&quot;#&quot;&gt;0123456789&lt;\\/a&gt;\r\n&lt;\\/span&gt;\r\n&lt;\\/div&gt;\r\n&lt;\\/li&gt;\r\n&lt;\\/ul&gt;\r\n&lt;\\/div&gt;"}},"status":"1"}');
INSERT INTO `oc_module` (`module_id`, `name`, `code`, `setting`) VALUES ('89', 'TT-Testimonial', 'html', '{"name":"TT-Testimonial","module_description":{"1":{"title":"","description":"&lt;div id=&quot;ttcmstestimonial&quot;&gt;\r\n  &lt;h4 class=&quot;title_block&quot;&gt;Testimonials&lt;\\/h4&gt;\r\n&lt;div id=&quot;tttestimonial&quot; class=&quot;tttestimonial&quot;&gt;\r\n&lt;div class=&quot;tttestimonial-content&quot;&gt;\r\n&lt;div class=&quot;tttestimonial-inner&quot;&gt;\r\n&lt;ul id=&quot;tttestimonial-carousel&quot; class=&quot;tt-carousel&quot;&gt;\r\n&lt;li&gt;\r\n&lt;div class=&quot;testimonial-image&quot;&gt;&lt;img alt=&quot;&quot; src=&quot;image\\/catalog\\/demo\\/banners\\/user1.jpg&quot;&gt;&lt;\\/div&gt;\r\n&lt;div class=&quot;testimonial-content&quot;&gt;\r\n&lt;div class=&quot;testimonial-user-title&quot;&gt;\r\n&lt;h4&gt;John Duff&lt;\\/h4&gt;\r\n&lt;\\/div&gt;\r\n&lt;div class=&quot;testimonial-desc&quot;&gt;\r\n&lt;p&gt;Duis faucibus enim vitae nunc molestie, nec facilisis arcu pulvinar nullam mattis..&lt;\\/p&gt;\r\n&lt;\\/div&gt;\r\n&lt;\\/div&gt;\r\n&lt;\\/li&gt;\r\n&lt;li&gt;\r\n&lt;div class=&quot;testimonial-image&quot;&gt;&lt;img alt=&quot;&quot; src=&quot;image\\/catalog\\/demo\\/banners\\/user2.jpg&quot;&gt;&lt;\\/div&gt;\r\n&lt;div class=&quot;testimonial-content&quot;&gt;\r\n&lt;div class=&quot;testimonial-user-title&quot;&gt;\r\n&lt;h4&gt;John Duff&lt;\\/h4&gt;\r\n&lt;\\/div&gt;\r\n&lt;div class=&quot;testimonial-desc&quot;&gt;\r\n&lt;p&gt;Duis faucibus enim vitae nunc molestie, nec facilisis arcu pulvinar nullam mattis..&lt;\\/p&gt;\r\n&lt;\\/div&gt;\r\n&lt;\\/div&gt;\r\n&lt;\\/li&gt;\r\n&lt;li&gt;\r\n&lt;div class=&quot;testimonial-image&quot;&gt;&lt;img alt=&quot;&quot; src=&quot;image\\/catalog\\/demo\\/banners\\/user3.jpg&quot;&gt;&lt;\\/div&gt;\r\n&lt;div class=&quot;testimonial-content&quot;&gt;\r\n&lt;div class=&quot;testimonial-user-title&quot;&gt;\r\n&lt;h4&gt;John Duff&lt;\\/h4&gt;\r\n&lt;\\/div&gt;\r\n&lt;div class=&quot;testimonial-desc&quot;&gt;\r\n&lt;p&gt;Duis faucibus enim vitae nunc molestie, nec facilisis arcu pulvinar nullam mattis..&lt;\\/p&gt;\r\n&lt;\\/div&gt;\r\n&lt;\\/div&gt;\r\n&lt;\\/li&gt;\r\n&lt;\\/ul&gt;\r\n&lt;\\/div&gt;\r\n&lt;\\/div&gt;\r\n&lt;\\/div&gt;\r\n&lt;\\/div&gt;"},"2":{"title":"","description":"&lt;div id=&quot;ttcmstestimonial&quot;&gt;\r\n  &lt;h4 class=&quot;title_block&quot;&gt;Testimonials&lt;\\/h4&gt;\r\n&lt;div id=&quot;tttestimonial&quot; class=&quot;tttestimonial&quot;&gt;\r\n&lt;div class=&quot;tttestimonial-content&quot;&gt;\r\n&lt;div class=&quot;tttestimonial-inner&quot;&gt;\r\n&lt;ul id=&quot;tttestimonial-carousel&quot; class=&quot;tt-carousel&quot;&gt;\r\n&lt;li&gt;\r\n&lt;div class=&quot;testimonial-image&quot;&gt;&lt;img alt=&quot;&quot; src=&quot;image\\/catalog\\/demo\\/banners\\/user1.jpg&quot;&gt;&lt;\\/div&gt;\r\n&lt;div class=&quot;testimonial-content&quot;&gt;\r\n&lt;div class=&quot;testimonial-user-title&quot;&gt;\r\n&lt;h4&gt;John Duff&lt;\\/h4&gt;\r\n&lt;\\/div&gt;\r\n&lt;div class=&quot;testimonial-desc&quot;&gt;\r\n&lt;p&gt;Duis faucibus enim vitae nunc molestie, nec facilisis arcu pulvinar nullam mattis..&lt;\\/p&gt;\r\n&lt;\\/div&gt;\r\n&lt;\\/div&gt;\r\n&lt;\\/li&gt;\r\n&lt;li&gt;\r\n&lt;div class=&quot;testimonial-image&quot;&gt;&lt;img alt=&quot;&quot; src=&quot;image\\/catalog\\/demo\\/banners\\/user2.jpg&quot;&gt;&lt;\\/div&gt;\r\n&lt;div class=&quot;testimonial-content&quot;&gt;\r\n&lt;div class=&quot;testimonial-user-title&quot;&gt;\r\n&lt;h4&gt;John Duff&lt;\\/h4&gt;\r\n&lt;\\/div&gt;\r\n&lt;div class=&quot;testimonial-desc&quot;&gt;\r\n&lt;p&gt;Duis faucibus enim vitae nunc molestie, nec facilisis arcu pulvinar nullam mattis..&lt;\\/p&gt;\r\n&lt;\\/div&gt;\r\n&lt;\\/div&gt;\r\n&lt;\\/li&gt;\r\n&lt;li&gt;\r\n&lt;div class=&quot;testimonial-image&quot;&gt;&lt;img alt=&quot;&quot; src=&quot;image\\/catalog\\/demo\\/banners\\/user3.jpg&quot;&gt;&lt;\\/div&gt;\r\n&lt;div class=&quot;testimonial-content&quot;&gt;\r\n&lt;div class=&quot;testimonial-user-title&quot;&gt;\r\n&lt;h4&gt;John Duff&lt;\\/h4&gt;\r\n&lt;\\/div&gt;\r\n&lt;div class=&quot;testimonial-desc&quot;&gt;\r\n&lt;p&gt;Duis faucibus enim vitae nunc molestie, nec facilisis arcu pulvinar nullam mattis..&lt;\\/p&gt;\r\n&lt;\\/div&gt;\r\n&lt;\\/div&gt;\r\n&lt;\\/li&gt;\r\n&lt;\\/ul&gt;\r\n&lt;\\/div&gt;\r\n&lt;\\/div&gt;\r\n&lt;\\/div&gt;\r\n&lt;\\/div&gt;"}},"status":"1"}');
INSERT INTO `oc_module` (`module_id`, `name`, `code`, `setting`) VALUES ('92', 'TT-CMS-Top-Banner', 'html', '{"name":"TT-CMS-Top-Banner","module_description":{"1":{"title":"","description":"&lt;div id=&quot;ttcmstopbanner&quot;&gt;\r\n\t  &lt;div class=&quot;ttcmstopbanner&quot;&gt;\r\n&lt;div class=&quot;row&quot;&gt;\r\n&lt;div class=&quot;ttbanner-img1 ttbanner col-sm-4 col-xs-4&quot;&gt;&lt;a href=&quot;#&quot;&gt;&lt;img alt=&quot;topbanner-01&quot; src=&quot;image\\/catalog\\/demo\\/banners\\/topbanner-01.jpg&quot;&gt;&lt;\\/a&gt;&lt;\\/div&gt;\r\n&lt;div class=&quot;ttbanner-img2 ttbanner col-sm-8 col-xs-8&quot;&gt;&lt;a href=&quot;#&quot;&gt;&lt;img alt=&quot;topbanner-02&quot; src=&quot;image\\/catalog\\/demo\\/banners\\/topbanner-02.jpg&quot;&gt;&lt;\\/a&gt;&lt;\\/div&gt;\r\n&lt;\\/div&gt;\r\n&lt;\\/div&gt;\r\n\t&lt;\\/div&gt;"},"2":{"title":"","description":"&lt;div id=&quot;ttcmstopbanner&quot;&gt;\r\n\t  &lt;div class=&quot;ttcmstopbanner&quot;&gt;\r\n&lt;div class=&quot;row&quot;&gt;\r\n&lt;div class=&quot;ttbanner-img1 ttbanner col-sm-4 col-xs-4&quot;&gt;&lt;a href=&quot;#&quot;&gt;&lt;img alt=&quot;topbanner-01&quot; src=&quot;image\\/catalog\\/demo\\/banners\\/topbanner-01.jpg&quot;&gt;&lt;\\/a&gt;&lt;\\/div&gt;\r\n&lt;div class=&quot;ttbanner-img2 ttbanner col-sm-8 col-xs-8&quot;&gt;&lt;a href=&quot;#&quot;&gt;&lt;img alt=&quot;topbanner-02&quot; src=&quot;image\\/catalog\\/demo\\/banners\\/topbanner-02.jpg&quot;&gt;&lt;\\/a&gt;&lt;\\/div&gt;\r\n&lt;\\/div&gt;\r\n&lt;\\/div&gt;\r\n\t&lt;\\/div&gt;"}},"status":"1"}');
INSERT INTO `oc_module` (`module_id`, `name`, `code`, `setting`) VALUES ('95', 'TT-CMS-Header-Services', 'html', '{"name":"TT-CMS-Header-Services","module_description":{"1":{"title":"","description":"&lt;div id=&quot;ttcmsheader&quot;&gt;\r\n  &lt;div class=&quot;ttheader-service&quot;&gt;Wants to explore Upcoming Deals on Weekends?&lt;\\/div&gt;\r\n&lt;\\/div&gt;"},"2":{"title":"","description":"&lt;div id=&quot;ttcmsheader&quot;&gt;\r\n  &lt;div class=&quot;ttheader-service&quot;&gt;Wants to explore Upcoming Deals on Weekends?&lt;\\/div&gt;\r\n&lt;\\/div&gt;"}},"status":"1"}');
INSERT INTO `oc_module` (`module_id`, `name`, `code`, `setting`) VALUES ('93', 'TT-Newslatter', 'ttnewslettersubscribe', '{"name":"TT-Newslatter","popup":"0","status":"1","newslettersubscribe_unsubscribe":"1","newslettersubscribe_mail_status":"1","newslettersubscribe_thickbox":"1","newslettersubscribe_registered":"1","store_id":"0","to":"sendall","customer_group_id":"1","customers":"","affiliates":"","products":"","subject":"","message":""}');
INSERT INTO `oc_module` (`module_id`, `name`, `code`, `setting`) VALUES ('53', 'TT-CMS-FollowUs', 'html', '{"name":"TT-CMS-FollowUs","module_description":{"1":{"title":"","description":"&lt;div class=&quot;follow-us col-sm-3&quot;&gt;\r\n&lt;h5&gt;Follow us&lt;\\/h5&gt;\r\n&lt;ul class=&quot;list-unstyled&quot;&gt;\r\n\t &lt;li class=&quot;facebook&quot;&gt;\r\n\t\t&lt;a target=&quot;_blank&quot; class=&quot;_blank&quot; href=&quot;#&quot; title=&quot;Facebook&quot;&gt;\r\n\t\t&lt;i class=&quot;fa fa-facebook&quot;&gt;&lt;\\/i&gt;\r\n\t\t&lt;\\/a&gt;\r\n\t&lt;\\/li&gt;\r\n\t&lt;li class=&quot;twitter&quot;&gt;\r\n\t\t&lt;a target=&quot;_blank&quot; class=&quot;_blank&quot; href=&quot;#&quot; title=&quot;Twitter&quot;&gt;\r\n\t\t&lt;i class=&quot;fa fa-twitter&quot;&gt;&lt;\\/i&gt;\r\n\t\t&lt;\\/a&gt;\r\n\t&lt;\\/li&gt;\r\n\t&lt;li class=&quot;rss&quot;&gt;\r\n\t\t&lt;a target=&quot;_blank&quot; class=&quot;_blank&quot; href=&quot;#&quot; title=&quot;RSS&quot;&gt;\r\n\t\t&lt;i class=&quot;fa fa-rss&quot;&gt;&lt;\\/i&gt;\r\n\t\t&lt;\\/a&gt;\r\n\t&lt;\\/li&gt;\r\n\t&lt;li class=&quot;google-plus&quot;&gt;\r\n\t\t&lt;a target=&quot;_blank&quot; class=&quot;_blank&quot; href=&quot;#&quot; rel=&quot;publisher&quot; title=&quot;Google Plus&quot;&gt;\r\n\t\t&lt;i class=&quot;fa fa-google-plus&quot;&gt;&lt;\\/i&gt;\r\n\t\t&lt;\\/a&gt;\r\n\t&lt;\\/li&gt;\r\n\t&lt;li class=&quot;instagram&quot;&gt;\r\n\t\t&lt;a target=&quot;_blank&quot; class=&quot;_blank&quot; href=&quot;#&quot; rel=&quot;publisher&quot; title=&quot;instagram&quot;&gt;\r\n\t\t&lt;i aria-hidden=&quot;true&quot; class=&quot;fa fa-instagram&quot;&gt;&lt;\\/i&gt;\r\n\t\t&lt;\\/a&gt;\r\n\t&lt;\\/li&gt;\r\n\r\n&lt;\\/ul&gt;\r\n&lt;\\/div&gt;"},"2":{"title":"","description":"&lt;div class=&quot;follow-us col-sm-3&quot;&gt;\r\n&lt;h5&gt;Follow us&lt;\\/h5&gt;\r\n&lt;ul class=&quot;list-unstyled&quot;&gt;\r\n\t &lt;li class=&quot;facebook&quot;&gt;\r\n\t\t&lt;a target=&quot;_blank&quot; class=&quot;_blank&quot; href=&quot;#&quot; title=&quot;Facebook&quot;&gt;\r\n\t\t&lt;i class=&quot;fa fa-facebook&quot;&gt;&lt;\\/i&gt;\r\n\t\t&lt;\\/a&gt;\r\n\t&lt;\\/li&gt;\r\n\t&lt;li class=&quot;twitter&quot;&gt;\r\n\t\t&lt;a target=&quot;_blank&quot; class=&quot;_blank&quot; href=&quot;#&quot; title=&quot;Twitter&quot;&gt;\r\n\t\t&lt;i class=&quot;fa fa-twitter&quot;&gt;&lt;\\/i&gt;\r\n\t\t&lt;\\/a&gt;\r\n\t&lt;\\/li&gt;\r\n\t&lt;li class=&quot;rss&quot;&gt;\r\n\t\t&lt;a target=&quot;_blank&quot; class=&quot;_blank&quot; href=&quot;#&quot; title=&quot;RSS&quot;&gt;\r\n\t\t&lt;i class=&quot;fa fa-rss&quot;&gt;&lt;\\/i&gt;\r\n\t\t&lt;\\/a&gt;\r\n\t&lt;\\/li&gt;\r\n\t&lt;li class=&quot;google-plus&quot;&gt;\r\n\t\t&lt;a target=&quot;_blank&quot; class=&quot;_blank&quot; href=&quot;#&quot; rel=&quot;publisher&quot; title=&quot;Google Plus&quot;&gt;\r\n\t\t&lt;i class=&quot;fa fa-google-plus&quot;&gt;&lt;\\/i&gt;\r\n\t\t&lt;\\/a&gt;\r\n\t&lt;\\/li&gt;\r\n\t&lt;li class=&quot;instagram&quot;&gt;\r\n\t\t&lt;a target=&quot;_blank&quot; class=&quot;_blank&quot; href=&quot;#&quot; rel=&quot;publisher&quot; title=&quot;instagram&quot;&gt;\r\n\t\t&lt;i aria-hidden=&quot;true&quot; class=&quot;fa fa-instagram&quot;&gt;&lt;\\/i&gt;\r\n\t\t&lt;\\/a&gt;\r\n\t&lt;\\/li&gt;\r\n\r\n&lt;\\/ul&gt;\r\n&lt;\\/div&gt;"}},"status":"1"}');
INSERT INTO `oc_module` (`module_id`, `name`, `code`, `setting`) VALUES ('56', 'TT-CMS-Paymentlogo', 'html', '{"name":"TT-CMS-Paymentlogo","module_description":{"1":{"title":"","description":"&lt;div class=&quot;col-md-2 links&quot; id=&quot;ttcmspaymentlogo&quot;&gt;\r\n\t  &lt;div class=&quot;payment_logo_block&quot;&gt;\r\n&lt;ul class=&quot;payment-list&quot;&gt;\r\n&lt;li class=&quot;discover&quot;&gt;&lt;a href=&quot;#&quot;&gt; &lt;img alt=&quot;discover&quot; src=&quot;image\\/catalog\\/demo\\/banners\\/discover.png&quot;&gt;&lt;\\/a&gt;&lt;\\/li&gt;\r\n&lt;li class=&quot;google&quot;&gt;&lt;a href=&quot;#&quot;&gt; &lt;img alt=&quot;google&quot; src=&quot;image\\/catalog\\/demo\\/banners\\/google.png&quot;&gt;&lt;\\/a&gt;&lt;\\/li&gt;\r\n&lt;li class=&quot;maestro&quot;&gt;&lt;a href=&quot;#&quot;&gt; &lt;img alt=&quot;maestro&quot; src=&quot;image\\/catalog\\/demo\\/banners\\/maestro.png&quot;&gt;&lt;\\/a&gt;&lt;\\/li&gt;\r\n&lt;li class=&quot;mastercard&quot;&gt;&lt;a href=&quot;#&quot;&gt; &lt;img alt=&quot;mastercard&quot; src=&quot;image\\/catalog\\/demo\\/banners\\/mastercard.png&quot;&gt;&lt;\\/a&gt;&lt;\\/li&gt;\r\n&lt;li class=&quot;paypal&quot;&gt;&lt;a href=&quot;#&quot;&gt; &lt;img alt=&quot;paypal&quot; src=&quot;image\\/catalog\\/demo\\/banners\\/paypal.png&quot;&gt;&lt;\\/a&gt;&lt;\\/li&gt;\r\n&lt;li class=&quot;visa&quot;&gt;&lt;a href=&quot;#&quot;&gt; &lt;img alt=&quot;visa&quot; src=&quot;image\\/catalog\\/demo\\/banners\\/visa.png&quot;&gt;&lt;\\/a&gt;&lt;\\/li&gt;\r\n&lt;\\/ul&gt;\r\n&lt;\\/div&gt;\r\n\t&lt;\\/div&gt;"},"2":{"title":"","description":"&lt;div class=&quot;col-md-2 links&quot; id=&quot;ttcmspaymentlogo&quot;&gt;\r\n\t  &lt;div class=&quot;payment_logo_block&quot;&gt;\r\n&lt;ul class=&quot;payment-list&quot;&gt;\r\n&lt;li class=&quot;discover&quot;&gt;&lt;a href=&quot;#&quot;&gt; &lt;img alt=&quot;discover&quot; src=&quot;image\\/catalog\\/demo\\/banners\\/discover.png&quot;&gt;&lt;\\/a&gt;&lt;\\/li&gt;\r\n&lt;li class=&quot;google&quot;&gt;&lt;a href=&quot;#&quot;&gt; &lt;img alt=&quot;google&quot; src=&quot;image\\/catalog\\/demo\\/banners\\/google.png&quot;&gt;&lt;\\/a&gt;&lt;\\/li&gt;\r\n&lt;li class=&quot;maestro&quot;&gt;&lt;a href=&quot;#&quot;&gt; &lt;img alt=&quot;maestro&quot; src=&quot;image\\/catalog\\/demo\\/banners\\/maestro.png&quot;&gt;&lt;\\/a&gt;&lt;\\/li&gt;\r\n&lt;li class=&quot;mastercard&quot;&gt;&lt;a href=&quot;#&quot;&gt; &lt;img alt=&quot;mastercard&quot; src=&quot;image\\/catalog\\/demo\\/banners\\/mastercard.png&quot;&gt;&lt;\\/a&gt;&lt;\\/li&gt;\r\n&lt;li class=&quot;paypal&quot;&gt;&lt;a href=&quot;#&quot;&gt; &lt;img alt=&quot;paypal&quot; src=&quot;image\\/catalog\\/demo\\/banners\\/paypal.png&quot;&gt;&lt;\\/a&gt;&lt;\\/li&gt;\r\n&lt;li class=&quot;visa&quot;&gt;&lt;a href=&quot;#&quot;&gt; &lt;img alt=&quot;visa&quot; src=&quot;image\\/catalog\\/demo\\/banners\\/visa.png&quot;&gt;&lt;\\/a&gt;&lt;\\/li&gt;\r\n&lt;\\/ul&gt;\r\n&lt;\\/div&gt;\r\n\t&lt;\\/div&gt;"}},"status":"1"}');
INSERT INTO `oc_module` (`module_id`, `name`, `code`, `setting`) VALUES ('76', 'TT-CMS-footer', 'html', '{"name":"TT-CMS-footer","module_description":{"1":{"title":"","description":"&lt;div id=&quot;ttcmsfooter&quot;&gt;\r\n  &lt;div class=&quot;ttfooter-banner&quot;&gt;\r\n&lt;div class=&quot;ttcmstextdiv&quot;&gt;\r\n&lt;div class=&quot;ttcmsthis&quot;&gt;&lt;span&gt;On This Week Only\\/-&lt;\\/span&gt;&lt;\\/div&gt;\r\n&lt;div class=&quot;ttcmsetra&quot;&gt;\r\n&lt;p&gt;Extra &lt;span&gt;15% Off&lt;\\/span&gt;&lt;\\/p&gt;\r\n&lt;\\/div&gt;\r\n&lt;div class=&quot;ttcmsapp&quot;&gt;&lt;span&gt;Download App&lt;\\/span&gt;&lt;\\/div&gt;\r\n&lt;\\/div&gt;\r\n&lt;div class=&quot;ttcmsimgdiv&quot;&gt;\r\n&lt;div class=&quot;ttcmsappimg&quot;&gt;&lt;a href=&quot;#&quot;&gt;&lt;img alt=&quot;appstore-img&quot; src=&quot;image\\/catalog\\/demo\\/banners\\/appstore.png&quot;&gt;&lt;\\/a&gt;&lt;\\/div&gt;\r\n&lt;div class=&quot;ttcmsplayimg&quot;&gt;&lt;a href=&quot;#&quot;&gt;&lt;img alt=&quot;googlepaly-img&quot; src=&quot;image\\/catalog\\/demo\\/banners\\/googlepaly.png&quot;&gt;&lt;\\/a&gt;&lt;\\/div&gt;\r\n&lt;\\/div&gt;\r\n&lt;\\/div&gt;\r\n&lt;\\/div&gt;"},"2":{"title":"","description":"&lt;div id=&quot;ttcmsfooter&quot;&gt;\r\n  &lt;div class=&quot;ttfooter-banner&quot;&gt;\r\n&lt;div class=&quot;ttcmstextdiv&quot;&gt;\r\n&lt;div class=&quot;ttcmsthis&quot;&gt;&lt;span&gt;On This Week Only\\/-&lt;\\/span&gt;&lt;\\/div&gt;\r\n&lt;div class=&quot;ttcmsetra&quot;&gt;\r\n&lt;p&gt;Extra &lt;span&gt;15% Off&lt;\\/span&gt;&lt;\\/p&gt;\r\n&lt;\\/div&gt;\r\n&lt;div class=&quot;ttcmsapp&quot;&gt;&lt;span&gt;Download App&lt;\\/span&gt;&lt;\\/div&gt;\r\n&lt;\\/div&gt;\r\n&lt;div class=&quot;ttcmsimgdiv&quot;&gt;\r\n&lt;div class=&quot;ttcmsappimg&quot;&gt;&lt;a href=&quot;#&quot;&gt;&lt;img alt=&quot;appstore-img&quot; src=&quot;image\\/catalog\\/demo\\/banners\\/appstore.png&quot;&gt;&lt;\\/a&gt;&lt;\\/div&gt;\r\n&lt;div class=&quot;ttcmsplayimg&quot;&gt;&lt;a href=&quot;#&quot;&gt;&lt;img alt=&quot;googlepaly-img&quot; src=&quot;image\\/catalog\\/demo\\/banners\\/googlepaly.png&quot;&gt;&lt;\\/a&gt;&lt;\\/div&gt;\r\n&lt;\\/div&gt;\r\n&lt;\\/div&gt;\r\n&lt;\\/div&gt;"}},"status":"1"}');
INSERT INTO `oc_module` (`module_id`, `name`, `code`, `setting`) VALUES ('79', 'TT-category-feature', 'tt_category_feature', '{"name":"TT-category-feature","category":["20","25","66","26","27"],"limit":"10","width":"300","height":"300","status":"1"}');
INSERT INTO `oc_module` (`module_id`, `name`, `code`, `setting`) VALUES ('80', 'TT-Category-tab', 'tt_category_tab', '{"name":"TT-Category-tab","category_name":"","category":["65","25","68"],"limit":"10","width":"232","height":"302","status":"1"}');
INSERT INTO `oc_module` (`module_id`, `name`, `code`, `setting`) VALUES ('81', 'Deal of the day', 'tt_special_countdown', '{"name":"Deal of the day","limit":"5","width":"232","height":"302","status":"1"}');
INSERT INTO `oc_module` (`module_id`, `name`, `code`, `setting`) VALUES ('85', 'TT-CMS-Bottom-Banner', 'html', '{"name":"TT-CMS-Bottom-Banner","module_description":{"1":{"title":"","description":"&lt;div id=&quot;ttcmsbottombanner&quot;&gt;\r\n\t  &lt;div class=&quot;ttcmsbottombanner&quot;&gt;\r\n&lt;div class=&quot;ttbanner-img ttbanner col-sm-12 col-xs-12&quot;&gt;&lt;a href=&quot;#&quot;&gt;&lt;img alt=&quot;bottombanner-01.jpg&quot; src=&quot;image\\/catalog\\/demo\\/banners\\/bottombanner-01.jpg&quot;&gt;&lt;\\/a&gt;&lt;\\/div&gt;\r\n&lt;\\/div&gt;\r\n\t&lt;\\/div&gt;"},"2":{"title":"","description":"&lt;div id=&quot;ttcmsbottombanner&quot;&gt;\r\n\t  &lt;div class=&quot;ttcmsbottombanner&quot;&gt;\r\n&lt;div class=&quot;ttbanner-img ttbanner col-sm-12 col-xs-12&quot;&gt;&lt;a href=&quot;#&quot;&gt;&lt;img alt=&quot;bottombanner-01.jpg&quot; src=&quot;image\\/catalog\\/demo\\/banners\\/bottombanner-01.jpg&quot;&gt;&lt;\\/a&gt;&lt;\\/div&gt;\r\n&lt;\\/div&gt;\r\n\t&lt;\\/div&gt;"}},"status":"1"}');
INSERT INTO `oc_module` (`module_id`, `name`, `code`, `setting`) VALUES ('94', 'TT-Popup-Newslatter', 'ttnewslettersubscribe', '{"name":"TT-Popup-Newslatter","popup":"1","status":"1","newslettersubscribe_unsubscribe":"1","newslettersubscribe_mail_status":"1","newslettersubscribe_thickbox":"1","newslettersubscribe_registered":"1","store_id":"0","to":"sendall","customer_group_id":"1","customers":"","affiliates":"","products":"","subject":"","message":""}');
INSERT INTO `oc_module` (`module_id`, `name`, `code`, `setting`) VALUES ('86', 'TT-CMS-Banner', 'html', '{"name":"TT-CMS-Banner","module_description":{"1":{"title":"","description":"&lt;div id=&quot;ttcmsbanner&quot;&gt;\r\n\t  &lt;div class=&quot;ttcmsbanner&quot;&gt;\r\n&lt;div class=&quot;row&quot;&gt;\r\n&lt;div class=&quot;ttbanner-img1 ttbanner col-sm-8 col-xs-8&quot;&gt;&lt;a href=&quot;#&quot;&gt;&lt;img alt=&quot;banner-01.jpg&quot; src=&quot;image\\/catalog\\/demo\\/banners\\/banner-01.jpg&quot;&gt;&lt;\\/a&gt;&lt;\\/div&gt;\r\n&lt;div class=&quot;ttbanner-img2 ttbanner col-sm-4 col-xs-4&quot;&gt;&lt;a href=&quot;#&quot;&gt;&lt;img alt=&quot;banner-02.jpg&quot; src=&quot;image\\/catalog\\/demo\\/banners\\/banner-02.jpg&quot;&gt;&lt;\\/a&gt;&lt;\\/div&gt;\r\n&lt;\\/div&gt;\r\n&lt;\\/div&gt;\r\n\t&lt;\\/div&gt;"},"2":{"title":"","description":"&lt;div id=&quot;ttcmsbanner&quot;&gt;\r\n\t  &lt;div class=&quot;ttcmsbanner&quot;&gt;\r\n&lt;div class=&quot;row&quot;&gt;\r\n&lt;div class=&quot;ttbanner-img1 ttbanner col-sm-8 col-xs-8&quot;&gt;&lt;a href=&quot;#&quot;&gt;&lt;img alt=&quot;banner-01.jpg&quot; src=&quot;image\\/catalog\\/demo\\/banners\\/banner-01.jpg&quot;&gt;&lt;\\/a&gt;&lt;\\/div&gt;\r\n&lt;div class=&quot;ttbanner-img2 ttbanner col-sm-4 col-xs-4&quot;&gt;&lt;a href=&quot;#&quot;&gt;&lt;img alt=&quot;banner-02.jpg&quot; src=&quot;image\\/catalog\\/demo\\/banners\\/banner-02.jpg&quot;&gt;&lt;\\/a&gt;&lt;\\/div&gt;\r\n&lt;\\/div&gt;\r\n&lt;\\/div&gt;\r\n\t&lt;\\/div&gt;"}},"status":"1"}');
INSERT INTO `oc_module` (`module_id`, `name`, `code`, `setting`) VALUES ('97', 'Home-Bestseller', 'bestseller', '{"name":"Home-Bestseller","limit":"10","width":"232","height":"302","status":"1"}');
INSERT INTO `oc_module` (`module_id`, `name`, `code`, `setting`) VALUES ('98', 'TT-CMS-Services', 'html', '{"name":"TT-CMS-Services","module_description":{"1":{"title":"","description":"&lt;div id=&quot;ttcmsservices&quot;&gt;\r\n  &lt;div class=&quot;ttcmsservice&quot;&gt;\r\n&lt;div class=&quot;ttshipping col-sm-3&quot;&gt;\r\n&lt;div class=&quot;ttshipping_img service-icon&quot;&gt;&lt;\\/div&gt;\r\n&lt;div class=&quot;service-content&quot;&gt;\r\n&lt;div class=&quot;service-title&quot;&gt;Free Shipping&lt;\\/div&gt;\r\n&lt;div class=&quot;service-desc&quot;&gt;Deliver to Door&lt;\\/div&gt;\r\n&lt;\\/div&gt;\r\n&lt;\\/div&gt;\r\n&lt;div class=&quot;ttsupport col-sm-3&quot;&gt;\r\n&lt;div class=&quot;ttsupport_img service-icon&quot;&gt;&lt;\\/div&gt;\r\n&lt;div class=&quot;service-content&quot;&gt;\r\n&lt;div class=&quot;service-title&quot;&gt;24x7 Support&lt;\\/div&gt;\r\n&lt;div class=&quot;service-desc&quot;&gt;in Safe Hands&lt;\\/div&gt;\r\n&lt;\\/div&gt;\r\n&lt;\\/div&gt;\r\n&lt;div class=&quot;ttsaving col-sm-3&quot;&gt;\r\n&lt;div class=&quot;ttsaving_img service-icon&quot;&gt;&lt;\\/div&gt;\r\n&lt;div class=&quot;service-content&quot;&gt;\r\n&lt;div class=&quot;service-title&quot;&gt;Big Saving&lt;\\/div&gt;\r\n&lt;div class=&quot;service-desc&quot;&gt;at Lowest Price&lt;\\/div&gt;\r\n&lt;\\/div&gt;\r\n&lt;\\/div&gt;\r\n&lt;div class=&quot;ttmoney col-sm-3&quot;&gt;\r\n&lt;div class=&quot;ttmoney_img service-icon&quot;&gt;&lt;\\/div&gt;\r\n&lt;div class=&quot;service-content&quot;&gt;\r\n&lt;div class=&quot;service-title&quot;&gt;Money Back&lt;\\/div&gt;\r\n&lt;div class=&quot;service-desc&quot;&gt;Easy to Return&lt;\\/div&gt;\r\n&lt;\\/div&gt;\r\n&lt;\\/div&gt;\r\n&lt;\\/div&gt;\r\n&lt;\\/div&gt;"},"2":{"title":"","description":"&lt;div id=&quot;ttcmsservices&quot;&gt;\r\n  &lt;div class=&quot;ttcmsservice&quot;&gt;\r\n&lt;div class=&quot;ttshipping col-sm-3&quot;&gt;\r\n&lt;div class=&quot;ttshipping_img service-icon&quot;&gt;&lt;\\/div&gt;\r\n&lt;div class=&quot;service-content&quot;&gt;\r\n&lt;div class=&quot;service-title&quot;&gt;Free Shipping&lt;\\/div&gt;\r\n&lt;div class=&quot;service-desc&quot;&gt;Deliver to Door&lt;\\/div&gt;\r\n&lt;\\/div&gt;\r\n&lt;\\/div&gt;\r\n&lt;div class=&quot;ttsupport col-sm-3&quot;&gt;\r\n&lt;div class=&quot;ttsupport_img service-icon&quot;&gt;&lt;\\/div&gt;\r\n&lt;div class=&quot;service-content&quot;&gt;\r\n&lt;div class=&quot;service-title&quot;&gt;24x7 Support&lt;\\/div&gt;\r\n&lt;div class=&quot;service-desc&quot;&gt;in Safe Hands&lt;\\/div&gt;\r\n&lt;\\/div&gt;\r\n&lt;\\/div&gt;\r\n&lt;div class=&quot;ttsaving col-sm-3&quot;&gt;\r\n&lt;div class=&quot;ttsaving_img service-icon&quot;&gt;&lt;\\/div&gt;\r\n&lt;div class=&quot;service-content&quot;&gt;\r\n&lt;div class=&quot;service-title&quot;&gt;Big Saving&lt;\\/div&gt;\r\n&lt;div class=&quot;service-desc&quot;&gt;at Lowest Price&lt;\\/div&gt;\r\n&lt;\\/div&gt;\r\n&lt;\\/div&gt;\r\n&lt;div class=&quot;ttmoney col-sm-3&quot;&gt;\r\n&lt;div class=&quot;ttmoney_img service-icon&quot;&gt;&lt;\\/div&gt;\r\n&lt;div class=&quot;service-content&quot;&gt;\r\n&lt;div class=&quot;service-title&quot;&gt;Money Back&lt;\\/div&gt;\r\n&lt;div class=&quot;service-desc&quot;&gt;Easy to Return&lt;\\/div&gt;\r\n&lt;\\/div&gt;\r\n&lt;\\/div&gt;\r\n&lt;\\/div&gt;\r\n&lt;\\/div&gt;"}},"status":"1"}');
INSERT INTO `oc_module` (`module_id`, `name`, `code`, `setting`) VALUES ('101', 'Left-Bestseller', 'bestseller', '{"name":"Left-Bestseller","limit":"5","width":"70","height":"91","status":"1"}');
INSERT INTO `oc_module` (`module_id`, `name`, `code`, `setting`) VALUES ('102', 'Left-Latest', 'latest', '{"name":"Left-Latest","limit":"5","width":"70","height":"91","status":"1"}');
INSERT INTO `oc_module` (`module_id`, `name`, `code`, `setting`) VALUES ('103', 'Left-special', 'special', '{"name":"Left-special","limit":"5","width":"70","height":"91","status":"1"}');


TRUNCATE TABLE `oc_product_filter`;

INSERT INTO `oc_product_filter` (`product_id`, `filter_id`) VALUES ('30', '1');
INSERT INTO `oc_product_filter` (`product_id`, `filter_id`) VALUES ('30', '2');
INSERT INTO `oc_product_filter` (`product_id`, `filter_id`) VALUES ('30', '3');
INSERT INTO `oc_product_filter` (`product_id`, `filter_id`) VALUES ('30', '4');
INSERT INTO `oc_product_filter` (`product_id`, `filter_id`) VALUES ('30', '5');
INSERT INTO `oc_product_filter` (`product_id`, `filter_id`) VALUES ('30', '7');
INSERT INTO `oc_product_filter` (`product_id`, `filter_id`) VALUES ('30', '9');
INSERT INTO `oc_product_filter` (`product_id`, `filter_id`) VALUES ('32', '1');
INSERT INTO `oc_product_filter` (`product_id`, `filter_id`) VALUES ('32', '2');
INSERT INTO `oc_product_filter` (`product_id`, `filter_id`) VALUES ('32', '3');
INSERT INTO `oc_product_filter` (`product_id`, `filter_id`) VALUES ('32', '4');
INSERT INTO `oc_product_filter` (`product_id`, `filter_id`) VALUES ('32', '5');
INSERT INTO `oc_product_filter` (`product_id`, `filter_id`) VALUES ('32', '7');
INSERT INTO `oc_product_filter` (`product_id`, `filter_id`) VALUES ('32', '9');
INSERT INTO `oc_product_filter` (`product_id`, `filter_id`) VALUES ('36', '1');
INSERT INTO `oc_product_filter` (`product_id`, `filter_id`) VALUES ('36', '2');
INSERT INTO `oc_product_filter` (`product_id`, `filter_id`) VALUES ('36', '3');
INSERT INTO `oc_product_filter` (`product_id`, `filter_id`) VALUES ('36', '4');
INSERT INTO `oc_product_filter` (`product_id`, `filter_id`) VALUES ('36', '5');
INSERT INTO `oc_product_filter` (`product_id`, `filter_id`) VALUES ('36', '7');
INSERT INTO `oc_product_filter` (`product_id`, `filter_id`) VALUES ('36', '9');
INSERT INTO `oc_product_filter` (`product_id`, `filter_id`) VALUES ('42', '1');
INSERT INTO `oc_product_filter` (`product_id`, `filter_id`) VALUES ('42', '2');
INSERT INTO `oc_product_filter` (`product_id`, `filter_id`) VALUES ('42', '3');
INSERT INTO `oc_product_filter` (`product_id`, `filter_id`) VALUES ('42', '4');
INSERT INTO `oc_product_filter` (`product_id`, `filter_id`) VALUES ('42', '5');
INSERT INTO `oc_product_filter` (`product_id`, `filter_id`) VALUES ('42', '7');
INSERT INTO `oc_product_filter` (`product_id`, `filter_id`) VALUES ('42', '9');
INSERT INTO `oc_product_filter` (`product_id`, `filter_id`) VALUES ('47', '1');
INSERT INTO `oc_product_filter` (`product_id`, `filter_id`) VALUES ('47', '2');
INSERT INTO `oc_product_filter` (`product_id`, `filter_id`) VALUES ('47', '3');
INSERT INTO `oc_product_filter` (`product_id`, `filter_id`) VALUES ('47', '4');
INSERT INTO `oc_product_filter` (`product_id`, `filter_id`) VALUES ('47', '5');
INSERT INTO `oc_product_filter` (`product_id`, `filter_id`) VALUES ('47', '7');
INSERT INTO `oc_product_filter` (`product_id`, `filter_id`) VALUES ('47', '9');


TRUNCATE TABLE `oc_product_to_category`;

INSERT INTO `oc_product_to_category` (`product_id`, `category_id`) VALUES ('28', '20');
INSERT INTO `oc_product_to_category` (`product_id`, `category_id`) VALUES ('28', '25');
INSERT INTO `oc_product_to_category` (`product_id`, `category_id`) VALUES ('28', '27');
INSERT INTO `oc_product_to_category` (`product_id`, `category_id`) VALUES ('28', '65');
INSERT INTO `oc_product_to_category` (`product_id`, `category_id`) VALUES ('28', '68');
INSERT INTO `oc_product_to_category` (`product_id`, `category_id`) VALUES ('28', '71');
INSERT INTO `oc_product_to_category` (`product_id`, `category_id`) VALUES ('29', '20');
INSERT INTO `oc_product_to_category` (`product_id`, `category_id`) VALUES ('30', '20');
INSERT INTO `oc_product_to_category` (`product_id`, `category_id`) VALUES ('30', '25');
INSERT INTO `oc_product_to_category` (`product_id`, `category_id`) VALUES ('30', '65');
INSERT INTO `oc_product_to_category` (`product_id`, `category_id`) VALUES ('30', '66');
INSERT INTO `oc_product_to_category` (`product_id`, `category_id`) VALUES ('30', '68');
INSERT INTO `oc_product_to_category` (`product_id`, `category_id`) VALUES ('32', '20');
INSERT INTO `oc_product_to_category` (`product_id`, `category_id`) VALUES ('32', '25');
INSERT INTO `oc_product_to_category` (`product_id`, `category_id`) VALUES ('32', '65');
INSERT INTO `oc_product_to_category` (`product_id`, `category_id`) VALUES ('32', '68');
INSERT INTO `oc_product_to_category` (`product_id`, `category_id`) VALUES ('32', '70');
INSERT INTO `oc_product_to_category` (`product_id`, `category_id`) VALUES ('33', '20');
INSERT INTO `oc_product_to_category` (`product_id`, `category_id`) VALUES ('33', '28');
INSERT INTO `oc_product_to_category` (`product_id`, `category_id`) VALUES ('34', '25');
INSERT INTO `oc_product_to_category` (`product_id`, `category_id`) VALUES ('34', '65');
INSERT INTO `oc_product_to_category` (`product_id`, `category_id`) VALUES ('34', '68');
INSERT INTO `oc_product_to_category` (`product_id`, `category_id`) VALUES ('35', '20');
INSERT INTO `oc_product_to_category` (`product_id`, `category_id`) VALUES ('36', '25');
INSERT INTO `oc_product_to_category` (`product_id`, `category_id`) VALUES ('36', '65');
INSERT INTO `oc_product_to_category` (`product_id`, `category_id`) VALUES ('36', '66');
INSERT INTO `oc_product_to_category` (`product_id`, `category_id`) VALUES ('36', '68');
INSERT INTO `oc_product_to_category` (`product_id`, `category_id`) VALUES ('40', '20');
INSERT INTO `oc_product_to_category` (`product_id`, `category_id`) VALUES ('41', '20');
INSERT INTO `oc_product_to_category` (`product_id`, `category_id`) VALUES ('41', '25');
INSERT INTO `oc_product_to_category` (`product_id`, `category_id`) VALUES ('41', '27');
INSERT INTO `oc_product_to_category` (`product_id`, `category_id`) VALUES ('41', '66');
INSERT INTO `oc_product_to_category` (`product_id`, `category_id`) VALUES ('41', '68');
INSERT INTO `oc_product_to_category` (`product_id`, `category_id`) VALUES ('42', '20');
INSERT INTO `oc_product_to_category` (`product_id`, `category_id`) VALUES ('42', '25');
INSERT INTO `oc_product_to_category` (`product_id`, `category_id`) VALUES ('42', '28');
INSERT INTO `oc_product_to_category` (`product_id`, `category_id`) VALUES ('42', '65');
INSERT INTO `oc_product_to_category` (`product_id`, `category_id`) VALUES ('42', '66');
INSERT INTO `oc_product_to_category` (`product_id`, `category_id`) VALUES ('42', '68');
INSERT INTO `oc_product_to_category` (`product_id`, `category_id`) VALUES ('43', '20');
INSERT INTO `oc_product_to_category` (`product_id`, `category_id`) VALUES ('43', '25');
INSERT INTO `oc_product_to_category` (`product_id`, `category_id`) VALUES ('43', '65');
INSERT INTO `oc_product_to_category` (`product_id`, `category_id`) VALUES ('43', '68');
INSERT INTO `oc_product_to_category` (`product_id`, `category_id`) VALUES ('44', '20');
INSERT INTO `oc_product_to_category` (`product_id`, `category_id`) VALUES ('44', '71');
INSERT INTO `oc_product_to_category` (`product_id`, `category_id`) VALUES ('44', '72');
INSERT INTO `oc_product_to_category` (`product_id`, `category_id`) VALUES ('44', '73');
INSERT INTO `oc_product_to_category` (`product_id`, `category_id`) VALUES ('45', '29');
INSERT INTO `oc_product_to_category` (`product_id`, `category_id`) VALUES ('45', '66');
INSERT INTO `oc_product_to_category` (`product_id`, `category_id`) VALUES ('46', '20');
INSERT INTO `oc_product_to_category` (`product_id`, `category_id`) VALUES ('47', '20');
INSERT INTO `oc_product_to_category` (`product_id`, `category_id`) VALUES ('47', '25');
INSERT INTO `oc_product_to_category` (`product_id`, `category_id`) VALUES ('47', '65');
INSERT INTO `oc_product_to_category` (`product_id`, `category_id`) VALUES ('47', '66');
INSERT INTO `oc_product_to_category` (`product_id`, `category_id`) VALUES ('47', '68');
INSERT INTO `oc_product_to_category` (`product_id`, `category_id`) VALUES ('48', '20');


